#{"gym_version": "0.9.3", "t_start": 1511372009.273667, "env_id": "PongNoFrameskip-v4"}
r,l,t
-19.0,1049,3.850366
-21.0,1138,6.076195
-20.0,1058,8.187663
-21.0,807,9.682547
-21.0,909,11.504177
-21.0,847,13.382476
-21.0,867,15.146412
-21.0,940,16.805576
-21.0,824,18.504425
-21.0,880,20.257164
-18.0,1056,22.304818
-20.0,900,23.977406
-20.0,840,25.731985
-20.0,932,27.571083
-21.0,838,29.296413
-21.0,777,30.758363
-20.0,1087,32.952333
-20.0,859,34.859445
-20.0,893,36.757987
-20.0,896,38.499795
-20.0,897,40.375882
-20.0,957,42.329545
-19.0,1085,44.537749
-21.0,819,46.366274
-21.0,946,48.411286
-21.0,934,50.171651
-20.0,855,51.973922
-21.0,825,53.712994
-20.0,914,55.41959
-20.0,900,57.286889
-20.0,927,59.258525
-20.0,837,61.070364
-20.0,983,63.125587
-20.0,941,64.911362
-21.0,817,66.655446
-20.0,1006,68.737746
-20.0,900,70.661061
-21.0,818,72.252181
-20.0,903,74.188009
-20.0,922,76.121016
-21.0,763,77.600571
-21.0,937,79.597513
-20.0,932,81.565785
-20.0,1082,83.759516
-19.0,1022,85.816111
-20.0,859,87.612239
-21.0,885,89.272383
-21.0,1066,91.686106
-21.0,820,93.303797
-20.0,895,95.309923
-21.0,929,97.301214
-20.0,852,98.955753
-20.0,841,100.764291
-21.0,840,102.588704
-21.0,1116,104.903079
-20.0,902,106.810092
-21.0,931,108.587622
-20.0,1050,110.746452
-21.0,911,112.693551
-21.0,900,114.613442
-19.0,929,116.555371
-19.0,1069,118.726794
-19.0,1096,120.99139
-20.0,985,123.032995
-21.0,903,124.925975
-20.0,1005,127.019567
-21.0,778,128.550215
-19.0,1032,130.658437
-21.0,842,132.505863
-21.0,822,134.089779
-19.0,1176,136.705008
-21.0,879,138.389472
-21.0,822,140.201272
-20.0,836,142.026013
-20.0,838,143.638793
-20.0,918,145.590872
-20.0,1019,147.755756
-21.0,869,149.631386
-20.0,1038,151.814437
-20.0,1039,154.005094
-19.0,971,156.098221
-21.0,805,157.644433
-20.0,1016,159.769084
-20.0,1019,161.926259
-19.0,1154,164.264485
-20.0,878,166.150631
-21.0,905,168.093641
-21.0,825,169.701794
-21.0,878,171.5776
-21.0,850,173.424888
-21.0,818,175.004071
-20.0,836,176.812405
-19.0,1006,178.914196
-20.0,842,180.751979
-21.0,885,182.468882
-21.0,987,184.557651
-21.0,822,186.359662
-20.0,851,188.233313
-21.0,880,189.897552
-19.0,1054,192.106373
-19.0,1252,194.848511
-21.0,960,196.864472
-19.0,1109,199.140002
-20.0,1138,201.465531
-20.0,961,203.515209
-21.0,1042,205.679793
-20.0,1313,208.548524
-21.0,932,210.33035
-19.0,992,212.421585
-20.0,1082,214.629884
-21.0,998,216.722743
-21.0,821,218.521509
-20.0,919,220.475433
-19.0,1129,222.837124
-20.0,1008,224.966068
-21.0,901,226.91257
-20.0,866,228.596902
-20.0,1157,231.156108
-21.0,787,232.726468
-20.0,853,234.612173
-21.0,1004,236.759166
-20.0,1194,239.219713
-19.0,1071,241.452318
-20.0,1008,243.589554
-21.0,907,245.559155
-21.0,931,247.56185
-20.0,862,249.225137
-21.0,842,251.09595
-20.0,1013,253.252572
-21.0,874,255.183986
-20.0,1010,257.34487
-20.0,957,259.379431
-20.0,891,261.122046
-20.0,1069,263.362074
-20.0,838,265.311667
-21.0,855,267.181448
-20.0,1019,269.294305
-21.0,822,270.866015
-20.0,999,272.98998
-19.0,1029,275.166406
-20.0,1036,277.323103
-20.0,984,279.394795
-21.0,1002,281.532202
-19.0,1085,283.769724
-20.0,982,285.857729
-20.0,931,287.868885
-21.0,1035,290.09595
-20.0,1070,292.271632
-20.0,1000,294.363404
-21.0,885,296.278676
-21.0,935,298.271178
-21.0,889,299.955748
-21.0,840,301.809355
-18.0,1331,304.482356
-20.0,958,306.522269
-19.0,1120,309.056148
-20.0,912,310.796466
-17.0,1631,314.394807
-20.0,1098,316.629595
-19.0,973,318.710351
-20.0,890,320.40276
-20.0,912,322.372591
-20.0,1096,324.657844
-21.0,1149,327.047231
-20.0,990,329.184074
-20.0,921,331.169517
-19.0,1070,333.382978
-19.0,983,335.457138
-20.0,1126,337.808869
-18.0,1158,340.407708
-19.0,1199,342.854613
-21.0,824,344.666483
-21.0,990,346.552878
-19.0,1184,349.234729
-20.0,943,351.281337
-20.0,1204,353.732858
-21.0,820,355.565541
-21.0,820,357.196637
-19.0,928,359.178862
-19.0,986,361.258027
-21.0,884,363.191833
-21.0,823,364.814864
-21.0,818,366.640767
-20.0,956,368.669782
-21.0,779,370.194492
-21.0,884,372.136893
-20.0,1005,374.262985
-21.0,878,376.182338
-21.0,822,377.795058
-21.0,824,379.613497
-20.0,963,381.66223
-20.0,840,383.283489
-21.0,777,385.041878
-19.0,1041,387.250145
-21.0,1030,389.404917
-21.0,778,390.931028
-20.0,1064,393.133211
-19.0,1013,395.352068
-21.0,1078,397.839345
-20.0,926,399.600567
-19.0,965,401.654102
-20.0,915,403.615473
-21.0,988,405.712499
-19.0,1028,407.881312
-19.0,1127,410.187447
-19.0,1177,412.620528
-20.0,1078,415.101799
-20.0,841,416.72839
-20.0,836,418.584063
-20.0,944,420.602442
-21.0,897,422.336094
-20.0,1105,424.856839
-18.0,1025,427.023995
-18.0,1212,429.534877
-21.0,915,431.520196
-15.0,1336,434.182641
-21.0,969,436.241453
-21.0,1005,438.370031
-19.0,1180,440.753738
-20.0,837,442.590164
-21.0,882,444.497375
-21.0,991,446.61932
-19.0,1075,448.838718
-21.0,762,450.308976
-20.0,1111,452.624598
-21.0,1013,454.731411
-20.0,1111,457.249082
-21.0,1339,459.90846
-18.0,1216,462.607315
-20.0,1275,465.209208
-21.0,989,467.311524
-18.0,1164,469.704689
-17.0,1246,472.470926
-19.0,1369,475.166937
-21.0,896,477.113779
-18.0,1508,480.288532
-18.0,1308,483.159594
-20.0,1169,485.57999
-18.0,1236,488.102322
-21.0,853,489.964598
-19.0,1193,492.371974
-18.0,1251,495.128757
-19.0,1111,497.417394
-21.0,1189,499.829224
-21.0,1021,501.995723
-21.0,881,503.907764
-20.0,1038,506.101256
-20.0,1054,508.289158
-20.0,1218,510.778934
-19.0,1235,513.566706
-19.0,1039,515.795826
-20.0,1079,518.05016
-19.0,1104,520.373078
-19.0,1371,523.378358
-21.0,1157,525.757503
-21.0,1238,528.361422
-19.0,1247,531.109204
-20.0,1289,533.685067
-20.0,1073,535.897674
-17.0,1396,538.89933
-16.0,1733,542.703467
-20.0,1291,545.303336
-21.0,1385,548.279715
-15.0,1766,551.908038
-18.0,1505,555.126191
-21.0,1357,558.080206
-20.0,1427,561.162951
-17.0,1582,564.515652
-19.0,1323,567.18085
-18.0,1641,570.599313
-18.0,1807,574.504132
-14.0,1792,578.205545
-18.0,1273,581.006977
-19.0,1538,584.258923
-20.0,1475,587.432502
-15.0,1853,591.209534
-17.0,1299,594.053538
-15.0,1569,597.380954
-17.0,1420,600.47053
-14.0,1732,604.062225
-17.0,1334,606.996703
-19.0,1103,609.316176
-19.0,1392,612.374153
-16.0,1413,615.221611
-17.0,1413,618.278179
-18.0,1204,621.011063
-16.0,1360,623.754975
-19.0,1234,626.49293
-18.0,1184,628.971387
-17.0,1493,632.133576
-16.0,1230,634.669484
-16.0,1504,637.919833
-16.0,1326,640.858047
-18.0,1212,643.368632
-19.0,1284,646.264552
-18.0,1325,648.939292
-15.0,1550,652.236455
-20.0,1233,655.008352
-16.0,1581,658.325698
-18.0,1547,661.613351
-15.0,1539,664.855499
-15.0,1551,668.166573
-15.0,2013,672.535894
-18.0,1283,675.129383
-16.0,1423,678.195591
-15.0,1835,681.924776
-17.0,1493,685.096822
-16.0,1306,687.949502
-16.0,1580,691.277552
-18.0,1377,694.282547
-16.0,1396,697.046744
-14.0,1761,700.90608
-19.0,1341,703.594182
-12.0,1765,707.433135
-18.0,1243,709.961909
-18.0,1371,712.958685
-17.0,1554,716.238091
-12.0,2108,720.677806
-18.0,1386,723.736133
-14.0,1708,727.263439
-18.0,1535,730.558642
-14.0,1600,733.893063
-14.0,1803,737.791359
-19.0,1322,740.425714
-18.0,1411,743.478322
-16.0,1721,747.281587
-14.0,1606,750.66947
-17.0,1585,754.089041
-18.0,1400,756.921996
-14.0,1605,760.489865
-18.0,1404,763.277228
-15.0,1689,767.029092
-15.0,1689,770.519517
-14.0,1632,773.934949
-11.0,1993,778.154438
-18.0,1339,781.067151
-16.0,1603,784.430173
-14.0,1707,787.96044
-12.0,1820,791.908873
-15.0,1481,795.057145
-16.0,1472,797.931404
-13.0,1640,801.60477
-15.0,1674,805.068767
-16.0,1491,808.252026
-14.0,1663,811.687508
-15.0,1629,815.131151
-15.0,1518,818.353606
-13.0,1925,822.49483
-14.0,1942,826.686263
-15.0,1715,830.231065
-17.0,1627,833.593807
-17.0,1586,836.905527
-19.0,1366,839.867805
-16.0,1730,843.424963
-18.0,1514,846.679411
-15.0,1543,849.953461
-16.0,1717,853.765718
-15.0,2054,858.139607
-14.0,1770,861.823108
-15.0,1701,865.389201
-17.0,1692,869.14747
-17.0,1289,871.733219
-18.0,1475,874.913557
-13.0,1895,879.050146
-13.0,1972,883.305213
-14.0,1781,886.97217
-18.0,1473,890.097913
-17.0,1459,893.233442
-18.0,1460,896.382801
-17.0,1774,900.039406
-14.0,1577,903.399015
-16.0,1382,906.41516
-14.0,1768,910.076205
-14.0,1606,913.71577
-17.0,1431,916.587393
-13.0,1916,920.729014
-16.0,1488,923.903303
-15.0,1576,927.251685
-14.0,1597,930.59244
-17.0,1643,933.995535
-13.0,1851,937.977154
-17.0,1370,940.912654
-19.0,1094,943.175408
-19.0,1153,945.564761
-19.0,1481,948.69653
-13.0,2008,952.926987
-9.0,2215,957.475105
-15.0,1800,961.393479
-17.0,1326,964.044294
-17.0,1368,967.031748
-14.0,1897,971.129165
-16.0,1575,974.485478
-16.0,1384,977.297283
-9.0,2196,982.092896
-14.0,1752,985.719666
-15.0,1726,989.287333
-12.0,1821,993.233871
-16.0,1751,996.870447
-13.0,1864,1000.937473
-11.0,1897,1005.062309
-16.0,1700,1008.606365
-14.0,1702,1012.137946
-12.0,1982,1016.396088
-16.0,1706,1020.200813
-16.0,1654,1023.659054
-15.0,1793,1027.356941
-10.0,2489,1032.665908
-12.0,1950,1036.828504
-15.0,1531,1040.091269
-9.0,2217,1044.68163
-15.0,1836,1048.684536
-18.0,1484,1051.87358
-16.0,1577,1055.199221
-9.0,2305,1060.002377
-11.0,2232,1064.91658
-17.0,1659,1068.410253
-12.0,2026,1072.733084
-14.0,1866,1076.771043
-8.0,2655,1082.357822
-15.0,1970,1086.613189
-9.0,2248,1091.264058
-15.0,1833,1095.231304
-17.0,1292,1097.829236
-16.0,1735,1101.43258
-11.0,2337,1106.549873
-15.0,1691,1110.041684
-14.0,1940,1114.206566
-12.0,2301,1119.223076
-10.0,2133,1123.730608
-12.0,2168,1128.28493
-6.0,2648,1133.834237
-13.0,1875,1137.872896
-17.0,1550,1141.175036
-13.0,2229,1145.816116
-9.0,2126,1150.265698
-9.0,2348,1155.298555
-13.0,1823,1159.061464
-13.0,1972,1163.263107
-13.0,2720,1169.222636
-11.0,2031,1173.554399
-13.0,2031,1177.86735
-15.0,1843,1181.633094
-9.0,2564,1187.027605
-16.0,1388,1190.041736
-14.0,1725,1193.631466
-16.0,1430,1196.719962
-6.0,2580,1202.192446
-3.0,2974,1208.566548
-6.0,3118,1215.217553
-14.0,1750,1218.822085
-17.0,1631,1222.480566
-12.0,2085,1226.866991
-8.0,2429,1231.83417
-17.0,1581,1235.207052
-12.0,2244,1240.106039
-4.0,2886,1246.073529
-15.0,1820,1250.036469
-11.0,2265,1254.77938
-14.0,2036,1259.144122
-15.0,1977,1263.381935
-15.0,1858,1267.472615
-13.0,2071,1271.890308
-11.0,2410,1277.099827
-15.0,1859,1280.94873
-16.0,1856,1284.974057
-10.0,2270,1289.665705
-12.0,2140,1294.154275
-6.0,3261,1301.20348
-8.0,2476,1306.466043
-3.0,3140,1313.162631
-10.0,2423,1318.185776
-8.0,2660,1324.014625
-13.0,1930,1327.914834
-15.0,1880,1331.999072
-9.0,2148,1336.520444
-14.0,2177,1341.321528
-11.0,2239,1345.979589
-11.0,2327,1350.752655
-9.0,2283,1355.720151
-15.0,1897,1359.79761
-8.0,2603,1365.295605
-14.0,2210,1369.927555
-5.0,3143,1376.5748
-12.0,2219,1381.197054
-10.0,2083,1385.845979
-13.0,2332,1390.666468
-1.0,3729,1398.518079
-15.0,1629,1402.162672
-17.0,1539,1405.399626
-14.0,1979,1409.437645
-9.0,2600,1414.91752
-11.0,2406,1420.078848
-14.0,1964,1424.262152
-11.0,2419,1429.491173
-14.0,2151,1434.017017
-12.0,2059,1438.401388
-6.0,3182,1445.169655
-11.0,2669,1450.80265
-11.0,2343,1455.859273
-8.0,2702,1461.514133
-14.0,1874,1465.530944
-13.0,2074,1469.932613
-14.0,1957,1474.102016
-15.0,1982,1478.385714
-13.0,2414,1483.3257
-10.0,2703,1489.230796
-8.0,3066,1495.729192
-16.0,1598,1499.107081
-8.0,2646,1504.679611
-5.0,3493,1512.201568
-10.0,2431,1517.229279
-11.0,2702,1523.239703
-10.0,2228,1527.848098
-12.0,2112,1532.332694
-13.0,2053,1536.701276
-15.0,1952,1540.884641
-8.0,2662,1546.51498
-10.0,3016,1552.922991
-6.0,2979,1559.307902
-1.0,4260,1568.257542
-8.0,2311,1573.270792
-11.0,2327,1578.083054
-12.0,2086,1582.486689
-9.0,2684,1588.373392
-13.0,2077,1592.80784
-8.0,3118,1599.437393
-17.0,1997,1603.723541
-6.0,3297,1610.613643
-11.0,2266,1615.343714
-9.0,2458,1620.622676
-9.0,2077,1624.99139
-1.0,3353,1632.266544
-13.0,2477,1637.55277
-17.0,1425,1640.397942
-14.0,1788,1644.307477
-12.0,2196,1648.895402
-12.0,2081,1653.291719
-14.0,2089,1657.705364
-15.0,1680,1661.471657
-12.0,2329,1666.253854
-14.0,1985,1670.521722
-18.0,2184,1675.088759
-2.0,3655,1682.797271
-5.0,3564,1690.423885
-2.0,3216,1697.418471
-10.0,2770,1703.231386
-15.0,1990,1707.485941
-18.0,1719,1711.045221
-12.0,2473,1716.376394
-15.0,2071,1720.748964
-11.0,2929,1727.003491
-6.0,3184,1733.760986
-15.0,2004,1738.013319
-11.0,2548,1743.436441
-3.0,3414,1750.777539
-12.0,2352,1755.675393
-18.0,1339,1758.620358
-13.0,2963,1764.97303
-9.0,3094,1771.544015
-14.0,2036,1775.879315
-16.0,2112,1780.325863
-10.0,2842,1786.218975
-6.0,2911,1792.447509
-9.0,2476,1797.740934
-4.0,3731,1805.651136
-17.0,1853,1809.643712
-14.0,2174,1814.210809
-10.0,3035,1820.652889
-12.0,2755,1826.356774
-14.0,1824,1830.345699
-8.0,2466,1835.626214
-14.0,1867,1839.435296
-12.0,2100,1843.869262
-9.0,3211,1850.830043
-12.0,2309,1855.606095
-12.0,2046,1860.013768
-10.0,2406,1865.26427
-14.0,1998,1869.550078
-11.0,2471,1874.868743
-11.0,2529,1880.238726
-8.0,2513,1885.416795
-9.0,2936,1891.733965
-9.0,2210,1896.38252
-9.0,3276,1903.509637
-12.0,2337,1908.395618
-16.0,1759,1912.306237
-9.0,3207,1919.070166
-11.0,2278,1923.99776
-11.0,2145,1928.534828
-11.0,2807,1934.428331
-10.0,2796,1940.585215
-12.0,2225,1945.203874
-15.0,1796,1949.168082
-10.0,2341,1954.037275
-15.0,2328,1959.095235
-14.0,2133,1963.638084
-2.0,3518,1971.135128
-10.0,2740,1976.864116
-8.0,3362,1984.152794
-12.0,2295,1988.919765
-12.0,2453,1994.155855
-16.0,1922,1998.274628
-12.0,2183,2002.886906
-15.0,2073,2007.272992
-10.0,2526,2012.666728
-10.0,2798,2018.495198
-14.0,1749,2022.320846
-5.0,3046,2028.873165
-11.0,2052,2033.261861
-11.0,1945,2037.215222
-12.0,1997,2041.573814
-12.0,2360,2046.678487
-10.0,2565,2052.120573
-11.0,2183,2056.685596
-15.0,1863,2060.734927
-13.0,2155,2065.282544
-11.0,2408,2070.477136
-15.0,1809,2074.210891
-17.0,1889,2078.317856
-13.0,2407,2083.471712
-15.0,2172,2087.990245
-14.0,2037,2092.311181
-12.0,2511,2097.708469
-10.0,2789,2103.514831
-13.0,2189,2108.096774
-14.0,1981,2112.344156
-14.0,1987,2116.594375
-7.0,2741,2122.645717
-12.0,1978,2126.66273
-15.0,2114,2131.337646
-15.0,1861,2135.152491
-5.0,3570,2142.730474
-8.0,3289,2149.877776
-3.0,3554,2157.511998
-8.0,3274,2164.383859
-17.0,1468,2167.536029
-9.0,3160,2174.225353
-13.0,1855,2178.249211
-7.0,3138,2184.902847
-14.0,2900,2190.908942
-9.0,2951,2197.243275
-9.0,3035,2203.724673
-15.0,1995,2208.006095
-4.0,3282,2214.87858
-13.0,2278,2219.897416
-17.0,1677,2223.434768
-5.0,3377,2230.708028
-10.0,2660,2236.301164
-12.0,3012,2242.721651
-8.0,2917,2248.795853
-7.0,3117,2255.419814
-10.0,2844,2261.542424
-9.0,3094,2268.079952
-5.0,4269,2277.08088
-8.0,3682,2285.082973
-10.0,2376,2290.008216
-3.0,3124,2296.623863
-7.0,3198,2303.643831
-6.0,2945,2309.753085
-14.0,1884,2313.853013
-1.0,3921,2322.367169
-13.0,2097,2326.865552
-12.0,2868,2332.849391
-5.0,3395,2340.223806
-5.0,3074,2346.764442
-14.0,1871,2350.876389
-11.0,2190,2355.482136
-8.0,2958,2361.895863
-12.0,2506,2367.308372
2.0,3294,2374.254819
-16.0,1877,2378.299265
-16.0,1757,2381.929555
-17.0,1850,2385.980145
-16.0,1679,2389.465695
-1.0,3790,2397.426437
-17.0,1557,2400.722182
-2.0,3499,2408.23143
-13.0,2203,2413.102633
-15.0,2317,2417.88657
-9.0,3322,2425.020134
-5.0,3107,2431.593379
-4.0,4269,2440.620816
-10.0,2573,2446.070739
-6.0,3135,2452.697082
-6.0,3110,2459.282311
-8.0,3017,2465.728288
-3.0,4019,2474.265363
-10.0,2836,2480.172325
-15.0,1863,2484.243492
-9.0,3378,2491.563171
-16.0,1975,2495.538627
-13.0,2307,2500.552947
-6.0,4260,2509.550523
-4.0,3867,2517.941767
-7.0,2959,2524.355661
-7.0,3211,2531.227829
-9.0,3052,2537.792622
-2.0,4205,2546.811555
-4.0,3858,2555.209727
-14.0,2430,2560.164651
-9.0,2573,2565.664771
-11.0,3289,2572.812407
-6.0,3433,2580.00466
-9.0,2558,2585.483691
-7.0,2970,2591.881303
-9.0,3426,2599.306687
-13.0,2417,2604.526278
-10.0,2581,2610.014383
-8.0,4636,2619.894025
-10.0,3582,2627.561359
-3.0,4980,2638.039835
-6.0,3478,2645.527023
3.0,4117,2654.340016
-2.0,4027,2663.016084
-16.0,2524,2668.399434
-9.0,2844,2674.570005
4.0,4016,2682.929065
-2.0,3898,2691.364012
-2.0,4546,2701.089515
-13.0,2838,2707.27418
-12.0,2487,2712.381057
-12.0,2575,2717.867169
-4.0,4029,2726.507557
-10.0,2707,2732.473323
-8.0,2794,2738.324394
-10.0,2982,2744.768984
-10.0,2548,2750.257763
-9.0,2557,2755.7417
-14.0,2292,2760.550625
-13.0,2595,2766.143768
-11.0,1997,2770.440198
-8.0,2865,2776.710351
-1.0,4132,2785.529611
-7.0,3494,2793.030844
-14.0,2505,2798.44358
-4.0,3862,2806.56768
-13.0,2373,2811.720523
-9.0,2358,2816.655533
-14.0,2193,2821.551768
-4.0,3691,2829.451742
-11.0,2598,2835.057008
-16.0,2495,2840.415805
-8.0,3277,2847.351095
-4.0,3971,2855.867169
-8.0,4343,2865.065657
-14.0,2561,2870.54844
-6.0,3854,2878.969601
-14.0,2092,2883.408297
3.0,4315,2892.540837
1.0,4136,2901.347856
-9.0,3909,2909.839996
-8.0,3249,2916.774468
-14.0,2251,2921.752321
-14.0,3064,2928.385435
-12.0,2414,2933.684396
-9.0,2638,2939.33526
-1.0,4455,2948.746853
-9.0,3118,2955.493323
-1.0,4098,2964.379244
-3.0,4367,2973.938299
-11.0,2859,2980.155519
-6.0,3634,2987.95133
-13.0,2240,2992.646656
-3.0,4145,3001.571246
-12.0,2443,3006.920138
-13.0,2193,3011.596897
-5.0,3589,3019.358783
-4.0,3863,3027.847301
-14.0,2787,3033.723546
-13.0,2825,3040.01534
-10.0,2050,3044.475275
-15.0,2582,3050.026277
-3.0,4224,3059.092205
-10.0,2660,3064.800322
-7.0,3465,3072.355774
-5.0,3470,3079.954783
-9.0,3040,3086.51992
-13.0,2578,3092.100461
-17.0,2059,3096.561255
-11.0,2881,3102.69071
-8.0,3348,3110.065885
-8.0,3678,3117.968106
-1.0,4795,3128.294985
-1.0,3889,3136.848193
-6.0,3156,3143.66748
-7.0,3368,3151.117406
-11.0,2633,3156.871809
-13.0,2273,3161.71254
-7.0,3678,3169.712258
-12.0,2374,3174.939587
-9.0,3695,3182.960913
-13.0,2123,3187.533686
-7.0,3392,3195.055834
-8.0,3463,3202.704064
-13.0,2255,3207.498468
-11.0,2615,3213.202382
-4.0,3832,3221.77973
1.0,4476,3231.68084
-5.0,3585,3239.529564
-5.0,3884,3247.962152
-14.0,2159,3252.645288
-5.0,3566,3260.520046
-1.0,4695,3270.786817
-5.0,4451,3280.697834
-14.0,2025,3285.166549
-4.0,4308,3294.846504
-8.0,2721,3300.747906
-1.0,4564,3310.803484
-7.0,3246,3317.877515
-14.0,1836,3322.07037
-16.0,1937,3326.135702
-13.0,2524,3331.705728
-13.0,2419,3337.176444
-7.0,3223,3344.217613
-13.0,1996,3348.677628
-6.0,3733,3357.155408
-3.0,3866,3365.538876
-5.0,3873,3374.226105
-8.0,2959,3380.576104
-5.0,3816,3389.163719
-16.0,1422,3392.376516
3.0,4134,3401.605343
-12.0,1888,3405.569317
-12.0,2751,3411.842451
-9.0,2928,3418.426642
-4.0,4239,3427.769987
-10.0,2268,3432.677385
-1.0,4131,3441.84381
-6.0,3033,3448.60462
-4.0,4409,3458.532758
-1.0,5137,3469.950158
-13.0,2412,3475.43536
-4.0,4135,3484.611875
3.0,4222,3493.938198
-15.0,2513,3499.595446
-4.0,4244,3508.956804
-12.0,2733,3514.924196
-11.0,2097,3519.603907
-8.0,3628,3527.958613
-12.0,2854,3534.139027
-12.0,2327,3539.4595
-3.0,4047,3548.480946
-7.0,2651,3554.323613
-2.0,3577,3562.384146
-16.0,2205,3567.220292
-9.0,3755,3575.496214
-7.0,2812,3581.936611
-11.0,2711,3587.924606
-3.0,4174,3597.237722
-1.0,4698,3607.713375
-11.0,2582,3613.503497
-18.0,2318,3618.843402
-10.0,2612,3624.632826
-7.0,3550,3632.544274
1.0,4736,3643.055531
-12.0,3014,3649.813174
-11.0,2534,3655.460489
-4.0,4249,3664.796169
-12.0,2388,3670.210005
-5.0,3158,3677.215838
-10.0,3081,3684.081943
-6.0,3537,3691.974816
-8.0,3204,3698.996748
-9.0,2676,3705.250424
-13.0,2247,3710.15833
-9.0,2757,3716.192335
2.0,5557,3728.67481
-2.0,3604,3736.730626
-2.0,3645,3744.820501
-3.0,4768,3755.720665
-6.0,3428,3763.123988
-3.0,3406,3770.830713
-12.0,2883,3777.388477
-11.0,3151,3784.453595
-7.0,3377,3791.818624
-13.0,2592,3797.627358
-14.0,2719,3803.90133
-7.0,3838,3812.424208
6.0,4346,3822.370405
-1.0,4026,3831.43739
-7.0,3695,3839.753242
-12.0,2642,3845.595716
-10.0,3091,3852.53298
-5.0,2735,3858.572101
-8.0,3056,3865.411045
-19.0,1954,3869.885497
-10.0,2933,3876.558933
-11.0,2709,3882.559989
-3.0,5448,3894.841116
-2.0,4808,3905.453618
-5.0,3335,3913.046448
-5.0,3601,3921.161407
-6.0,3054,3928.032272
-9.0,3227,3935.186531
-10.0,2721,3941.174008
-5.0,3130,3948.205747
-1.0,4346,3958.12205
-4.0,4957,3969.352501
-6.0,4124,3978.598055
-12.0,2813,3984.762947
-6.0,3271,3992.015547
-12.0,3415,3999.811245
-3.0,3458,4007.619407
-4.0,3734,4015.892255
-6.0,3174,4022.946488
-8.0,3401,4030.699692
-7.0,3145,4037.782368
-4.0,3582,4045.839787
-2.0,3928,4054.777911
-8.0,3135,4061.824046
-1.0,4463,4072.010912
-4.0,3473,4079.620691
-9.0,3454,4087.520095
-2.0,4351,4097.502543
-1.0,3890,4106.109541
-2.0,4823,4117.228197
-7.0,3067,4124.111057
-4.0,3563,4132.120722
-1.0,4991,4143.096515
-4.0,3509,4151.069761
-7.0,3882,4159.889076
-10.0,2974,4166.597578
-6.0,2926,4172.924617
-2.0,4949,4184.189661
-5.0,3235,4191.375841
-8.0,2962,4198.167087
-2.0,4174,4207.521806
-12.0,3170,4214.582252
-10.0,3253,4222.106092
-6.0,4593,4232.480434
-4.0,4160,4241.850902
-7.0,3521,4249.803267
-3.0,4923,4260.700238
-8.0,3643,4268.888307
-1.0,4431,4278.985627
1.0,4593,4289.353997
-3.0,3441,4297.20762
2.0,4408,4306.924346
2.0,4417,4317.011075
-8.0,3406,4324.776189
-4.0,3619,4332.933472
-4.0,4094,4342.198993
-2.0,4054,4351.368277
8.0,3806,4359.889188
3.0,4182,4369.361759
-9.0,3233,4376.930393
-10.0,3335,4384.316382
-2.0,4515,4394.639226
1.0,4072,4403.840594
-1.0,4327,4413.55708
1.0,4955,4424.906189
-11.0,3126,4431.946092
-8.0,2811,4438.175934
2.0,4878,4449.324253
-11.0,2616,4455.202292
6.0,4152,4464.575583
-3.0,3914,4473.595216
-12.0,2768,4479.732701
7.0,4357,4489.770354
3.0,4717,4500.360474
2.0,5113,4511.915013
1.0,4552,4522.245223
-2.0,4897,4533.133013
-1.0,4842,4544.299461
-8.0,3817,4552.781781
7.0,4447,4562.899075
1.0,4678,4573.457146
1.0,4471,4583.587441
-7.0,3841,4592.111598
3.0,4481,4602.330412
5.0,4106,4611.618003
-4.0,4393,4621.698395
-12.0,3002,4628.537034
-8.0,3317,4635.874795
-16.0,2602,4641.719941
-11.0,3565,4649.795839
-7.0,3690,4658.083277
1.0,4530,4668.376952
-13.0,2589,4674.192506
-5.0,3773,4682.949931
6.0,4112,4692.318234
4.0,3902,4700.941334
4.0,4446,4711.082943
-2.0,4480,4721.380888
5.0,3915,4730.044052
4.0,4439,4740.233038
-4.0,3615,4748.372571
-9.0,3434,4756.204895
-7.0,3540,4764.288717
-8.0,3200,4771.460758
3.0,3599,4779.611232
-1.0,4317,4789.299784
1.0,3947,4798.326553
4.0,3968,4807.436779
-5.0,3680,4815.770233
2.0,4059,4824.972281
-7.0,3373,4832.470428
-5.0,4088,4841.758617
-6.0,4099,4851.029127
2.0,4724,4861.968668
-8.0,3357,4869.462844
-6.0,3898,4878.370601
7.0,3920,4887.044378
-6.0,4064,4896.312199
2.0,4637,4906.749612
-4.0,3843,4915.647033
-4.0,3983,4924.780528
1.0,4229,4934.281003
1.0,4469,4944.552303
-3.0,4946,4955.566227
4.0,3977,4964.698069
-9.0,3816,4973.578647
-7.0,3227,4980.841636
-1.0,3864,4989.463083
-1.0,4358,4999.550001
-8.0,2979,5006.390577
-15.0,2492,5012.082635
2.0,3978,5020.92842
2.0,4521,5031.251548
1.0,4228,5040.777826
-12.0,2783,5047.263338
2.0,4598,5057.742053
-2.0,4113,5067.107769
6.0,4055,5076.33753
-4.0,3571,5084.433108
-10.0,3494,5092.518583
-13.0,2594,5098.422636
-6.0,3547,5106.562875
3.0,4162,5115.984005
5.0,3188,5123.155738
1.0,5173,5134.907454
6.0,3870,5143.840373
-2.0,4136,5153.243199
10.0,3567,5161.388158
-7.0,3174,5168.57887
-1.0,4508,5178.948701
4.0,4767,5189.717845
-12.0,2858,5196.029495
-4.0,3823,5204.881512
-3.0,3826,5213.458184
1.0,4541,5223.844903
1.0,4288,5233.754768
-12.0,2401,5238.991095
-12.0,2778,5245.511838
-5.0,4675,5256.089448
4.0,4261,5265.681277
2.0,4280,5275.597413
-6.0,3681,5283.869318
-9.0,3355,5291.250828
-14.0,3592,5299.419808
5.0,4266,5309.278714
1.0,4298,5318.904516
3.0,4336,5328.584137
10.0,3512,5336.583987
7.0,4024,5345.779465
-4.0,3763,5354.516326
-8.0,3257,5361.80211
-9.0,3601,5369.955895
-7.0,3409,5377.788819
-1.0,4149,5387.131871
9.0,4180,5396.596069
4.0,4039,5405.836793
6.0,4839,5416.727655
7.0,4104,5426.109027
1.0,4575,5436.580969
-2.0,4589,5447.032482
7.0,3989,5456.210417
-11.0,2959,5463.030665
-7.0,3630,5471.307293
3.0,4946,5482.407573
3.0,3622,5490.607509
2.0,3626,5499.155596
-3.0,3818,5507.648106
-6.0,4020,5516.860744
6.0,4174,5526.307196
6.0,4327,5535.974935
8.0,4039,5545.189857
3.0,4340,5555.301839
-4.0,3920,5563.996354
4.0,4601,5574.476216
-6.0,3801,5583.33717
-1.0,4561,5593.67622
8.0,4081,5602.96284
11.0,3910,5611.669981
4.0,3776,5620.423283
-6.0,3839,5628.978937
10.0,3850,5637.918827
8.0,3924,5646.612599
-6.0,3804,5655.42236
-2.0,4684,5666.071527
4.0,3731,5674.498158
-2.0,4992,5685.913654
-2.0,4484,5696.208629
5.0,3150,5703.314246
6.0,4176,5712.785287
8.0,3950,5721.900381
3.0,4203,5731.416818
5.0,3319,5738.805357
-2.0,4311,5748.844139
8.0,2809,5755.072441
7.0,3894,5764.135108
-4.0,3775,5772.649351
-3.0,3895,5781.69158
-3.0,4325,5791.421894
6.0,4100,5800.851929
7.0,3459,5808.790979
6.0,4381,5818.886992
-7.0,3285,5826.243258
-1.0,4296,5835.92178
-1.0,4876,5847.195017
9.0,3470,5855.119455
9.0,3973,5864.165712
2.0,4505,5874.149916
1.0,4928,5885.430112
2.0,4753,5896.111665
3.0,4248,5906.00874
6.0,4039,5914.908768
4.0,4399,5925.057497
2.0,4657,5935.657793
-4.0,3358,5943.414534
3.0,4536,5953.473416
-5.0,3948,5962.482951
1.0,4615,5973.029711
-3.0,4036,5982.253553
7.0,4122,5991.671654
-7.0,3762,6000.101893
6.0,4341,6010.108597
3.0,4286,6019.679505
-1.0,4300,6029.631833
-1.0,3493,6037.586027
5.0,3690,6045.934448
-2.0,4317,6055.631618
-4.0,3910,6064.634516
2.0,3923,6073.254474
3.0,3788,6082.012239
5.0,3990,6091.183972
-4.0,3167,6098.301122
3.0,4167,6107.665409
1.0,4096,6116.990518
4.0,4183,6126.461411
6.0,3682,6134.788167
-3.0,4150,6144.19093
-1.0,3942,6153.267622
-5.0,4060,6162.601993
-5.0,3674,6170.964746
8.0,3418,6178.837772
-2.0,4042,6188.117635
3.0,3722,6196.504148
11.0,2953,6203.264418
-7.0,3576,6211.446511
-4.0,3998,6220.566416
6.0,4251,6230.120442
14.0,3268,6237.438337
5.0,4418,6247.583008
5.0,4178,6257.032821
9.0,3694,6265.354911
5.0,3361,6273.143717
7.0,2896,6279.566674
4.0,4168,6289.343101
13.0,2666,6295.352264
5.0,3982,6304.466499
3.0,4590,6314.892292
5.0,4237,6324.448141
2.0,3710,6332.8664
3.0,3933,6341.920051
2.0,4725,6352.622633
-2.0,4486,6362.914237
9.0,4235,6372.547837
-3.0,4417,6382.712734
12.0,3378,6390.246063
6.0,3787,6399.082209
-3.0,5119,6410.661352
-8.0,4423,6420.494165
12.0,2660,6426.493429
2.0,4071,6435.75047
-4.0,5080,6447.32679
2.0,4085,6456.574225
2.0,4845,6467.7144
-5.0,4157,6477.106621
-4.0,4301,6486.719421
-2.0,4896,6497.995112
1.0,5035,6509.53998
9.0,3615,6517.803152
-3.0,4501,6527.897483
8.0,4221,6537.81074
7.0,2975,6544.30732
8.0,4747,6555.32874
1.0,5259,6567.285918
7.0,3215,6574.552104
2.0,4493,6584.876362
-3.0,5294,6596.7808
5.0,4449,6607.046424
1.0,3700,6615.368024
6.0,4475,6625.686063
2.0,4991,6637.114206
3.0,4892,6648.027356
10.0,3270,6655.695284
4.0,4743,6666.319294
4.0,3616,6674.462409
4.0,5120,6686.034082
-5.0,4334,6695.732424
6.0,4365,6705.819308
6.0,4078,6715.098786
7.0,4382,6725.236313
5.0,4160,6734.636057
5.0,4152,6744.069646
-3.0,4551,6754.439999
2.0,5072,6766.039614
3.0,5379,6778.180224
11.0,3778,6786.652963
5.0,4366,6796.844546
1.0,5377,6808.95898
6.0,4610,6819.444432
-7.0,3822,6828.372817
2.0,4769,6839.109703
3.0,4450,6849.323121
-6.0,4261,6858.879319
7.0,4673,6869.489723
-7.0,4020,6878.70522
-2.0,4864,6889.890043
-1.0,5006,6901.031969
-1.0,4824,6912.163478
5.0,4292,6921.881834
-2.0,4066,6931.131421
5.0,3950,6940.254482
1.0,4642,6950.747082
-2.0,4933,6962.051243
3.0,4717,6972.678673
5.0,4684,6983.360626
-5.0,4311,6993.032698
2.0,5319,7005.428915
7.0,4499,7015.800729
1.0,5301,7027.757417
-2.0,4520,7038.079077
-3.0,4403,7047.915404
-7.0,4881,7059.125314
-1.0,5123,7070.741934
-6.0,4032,7079.961875
4.0,5358,7091.9712
-2.0,4393,7102.028826
4.0,3775,7110.557815
6.0,4365,7120.711536
-7.0,4487,7130.714234
4.0,4131,7140.074739
-3.0,4403,7150.222821
-11.0,3443,7158.123161
-1.0,5236,7169.901662
-1.0,4853,7180.779196
-2.0,4994,7192.320538
-3.0,5309,7204.71163
8.0,4257,7214.298366
1.0,4750,7225.062636
-4.0,4829,7236.248919
1.0,4668,7246.773021
-2.0,5201,7258.573436
2.0,6988,7274.603881
-5.0,4307,7284.248453
2.0,4673,7294.83139
3.0,5024,7306.312339
6.0,4261,7315.887762
-6.0,3843,7324.762676
9.0,3811,7333.305502
-4.0,4323,7343.322084
-2.0,5050,7354.529619
2.0,4938,7365.921586
5.0,4269,7375.573188
-1.0,5600,7388.406201
4.0,5450,7400.922707
-6.0,5150,7412.722586
2.0,4389,7422.894156
1.0,4510,7432.904819
4.0,4480,7443.169009
2.0,4794,7453.922158
5.0,3632,7462.438826
-10.0,3722,7470.868606
-4.0,4648,7481.456165
2.0,5164,7493.18204
1.0,4638,7503.647013
2.0,5286,7515.604138
-5.0,3823,7524.454745
-3.0,4392,7534.317258
-4.0,4495,7544.603558
3.0,4857,7555.783092
-6.0,3784,7564.274101
4.0,4736,7574.905341
-8.0,3527,7582.957052
5.0,3983,7592.088221
3.0,4784,7602.987923
-2.0,4604,7613.435801
7.0,4067,7622.70282
-1.0,4841,7633.931423
5.0,4346,7643.633689
6.0,4424,7653.814632
5.0,5191,7665.592499
1.0,4389,7675.768877
2.0,4978,7686.966113
2.0,4961,7698.389798
-1.0,4630,7708.940656
1.0,5207,7720.812102
2.0,5514,7733.51634
5.0,5309,7745.490428
7.0,4089,7754.850065
3.0,4864,7766.057826
4.0,3891,7774.694419
-2.0,4158,7784.051617
5.0,4504,7794.359603
-3.0,4274,7804.341836
5.0,4242,7813.914563
3.0,4381,7823.702852
1.0,4322,7833.729067
4.0,4231,7843.254323
-2.0,4731,7853.983256
9.0,3841,7862.831453
6.0,4193,7872.268132
4.0,4037,7881.507583
-1.0,4376,7891.305574
-1.0,4819,7902.485742
7.0,4085,7911.801926
-1.0,4525,7922.187431
-2.0,4418,7932.131223
3.0,4488,7942.397521
1.0,4803,7953.311253
-2.0,4922,7964.696306
1.0,4572,7975.148629
4.0,4757,7985.858246
1.0,4237,7995.676082
4.0,4483,8005.639265
-5.0,4611,8016.147674
-5.0,3958,8025.193569
7.0,4011,8034.315874
1.0,4982,8045.749189
2.0,4432,8055.578813
5.0,4371,8065.660374
-1.0,5085,8077.265286
6.0,4657,8087.819045
-1.0,4713,8098.461786
8.0,4095,8107.778742
6.0,4990,8119.305826
-6.0,4440,8129.219769
-4.0,4531,8139.618413
4.0,4228,8149.121213
3.0,4584,8159.557218
6.0,4316,8169.563906
-1.0,4607,8180.020418
-7.0,4711,8190.694506
4.0,4246,8200.389346
-4.0,4609,8210.882231
1.0,4452,8221.131103
-2.0,4660,8231.666617
10.0,4224,8241.170635
1.0,4680,8252.033345
-1.0,4545,8262.101892
-7.0,3946,8271.167773
-2.0,5315,8283.155979
2.0,4725,8294.115862
-6.0,4509,8304.106883
-5.0,3949,8313.214007
6.0,4169,8322.685894
9.0,4762,8333.726241
-3.0,4642,8344.272317
2.0,5273,8356.120702
7.0,4782,8366.852913
4.0,4447,8377.076232
4.0,4173,8386.509553
2.0,5368,8398.893298
-1.0,4954,8409.959756
3.0,5451,8422.548819
3.0,4372,8432.357985
-7.0,3254,8440.046629
3.0,4651,8450.665519
-6.0,3387,8458.521807
3.0,5618,8471.101908
8.0,4249,8481.07623
10.0,4768,8491.83431
-2.0,4235,8501.390138
-6.0,4493,8511.697001
-4.0,3652,8519.953422
-4.0,3934,8529.030332
-14.0,2941,8535.763489
-1.0,4564,8546.160136
-11.0,3702,8554.491228
6.0,4297,8564.130705
1.0,5309,8576.431507
-7.0,4644,8586.999615
-2.0,3909,8595.68559
6.0,4626,8606.162681
-1.0,4998,8617.584099
3.0,4936,8628.970388
-9.0,3768,8637.472312
7.0,4178,8646.966924
-3.0,4815,8658.059507
-8.0,3800,8666.580506
1.0,5042,8678.172313
-1.0,4937,8689.600433
7.0,3739,8698.054487
5.0,4610,8708.54277
-8.0,3372,8716.06793
3.0,4439,8726.207351
-3.0,4441,8736.362143
3.0,4392,8746.142276
-1.0,4230,8756.015472
1.0,4190,8765.486279
-11.0,3047,8772.411187
-7.0,3230,8779.655591
-5.0,3919,8788.666394
-4.0,4014,8797.539769
2.0,4764,8808.587176
-7.0,3644,8816.867868
-4.0,4643,8827.333877
-15.0,2869,8834.006977
-17.0,1967,8838.241349
-18.0,2363,8843.792564
-7.0,3865,8852.687361
4.0,4071,8861.615454
3.0,4132,8871.347162
-2.0,4004,8880.215365
-4.0,4321,8890.278222
8.0,4396,8900.153306
-10.0,3481,8908.157163
-2.0,4087,8917.529845
-5.0,4239,8927.130827
4.0,5084,8938.704807
4.0,4352,8948.805311
2.0,5302,8960.757632
-6.0,3720,8969.169765
3.0,4773,8980.205118
1.0,5490,8992.755269
2.0,4218,9002.261116
4.0,4237,9011.782568
7.0,3875,9020.725423
9.0,4079,9030.049835
-2.0,4751,9040.838757
-3.0,4122,9050.231834
-2.0,4771,9060.983555
7.0,5319,9073.353093
-1.0,5221,9085.171986
4.0,5418,9097.317817
1.0,5272,9109.530218
1.0,4894,9120.46376
5.0,4256,9130.051853
7.0,4251,9139.959138
4.0,4472,9150.17762
2.0,4832,9161.01926
2.0,4855,9171.848927
-1.0,4882,9183.071158
-4.0,4520,9193.37191
6.0,4760,9204.057161
6.0,4292,9213.670979
3.0,4919,9225.039179
6.0,4288,9234.653897
3.0,4462,9244.904856
-1.0,4929,9256.252761
3.0,5157,9267.979626
6.0,4189,9277.611052
11.0,3518,9285.694975
3.0,4770,9296.49697
6.0,3602,9304.744499
3.0,4295,9314.748025
5.0,4308,9324.394321
1.0,4702,9335.031864
4.0,4192,9344.551009
2.0,4817,9355.666072
7.0,4636,9366.143443
3.0,4626,9376.594572
4.0,4883,9387.547085
7.0,4158,9397.357037
1.0,4995,9408.505761
2.0,4639,9418.967288
5.0,4599,9429.423007
1.0,4378,9439.542131
2.0,4961,9450.928847
6.0,4801,9461.76617
9.0,3408,9469.727978
7.0,3676,9478.08835
10.0,4069,9487.383666
2.0,4611,9497.865251
3.0,4420,9507.692772
7.0,3987,9516.884795
7.0,3917,9525.937203
3.0,4422,9535.71618
8.0,3816,9544.586879
11.0,3610,9552.779202
-2.0,5235,9564.57831
8.0,4667,9575.109585
5.0,3820,9583.935545
6.0,4862,9594.807594
1.0,4876,9606.051572
4.0,4715,9616.709468
3.0,4101,9626.015024
5.0,4467,9636.277534
9.0,4462,9646.229742
6.0,3863,9655.1603
6.0,4090,9664.533573
-3.0,4353,9674.22589
7.0,4127,9683.638039
4.0,4437,9693.801027
8.0,3593,9701.993377
11.0,3820,9710.846712
6.0,3997,9719.692606
-3.0,5255,9731.876076
3.0,5123,9743.497293
5.0,4052,9752.725812
9.0,4323,9762.461798
5.0,3711,9770.875194
10.0,4218,9780.476532
-1.0,5975,9794.207212
1.0,5341,9806.529896
9.0,3836,9815.077085
-2.0,3820,9823.661384
8.0,3714,9832.436711
4.0,4161,9841.932139
5.0,4911,9852.941728
9.0,3595,9861.110208
8.0,3768,9869.846001
5.0,5440,9882.048133
8.0,4384,9892.19826
4.0,3468,9900.173393
6.0,4207,9909.707969
7.0,4440,9919.904526
5.0,4047,9929.105582
7.0,3659,9937.365235
3.0,4463,9947.306087
7.0,4174,9957.038147
3.0,4850,9967.950458
2.0,3966,9977.063245
8.0,3763,9985.549035
6.0,4128,9994.917356
6.0,4670,10005.550183
6.0,4167,10014.999605
9.0,3979,10024.16654
3.0,4429,10034.355609
9.0,4782,10045.290275
9.0,4375,10055.40642
8.0,4784,10066.181285
6.0,4220,10075.719485
11.0,4388,10085.734089
9.0,3538,10093.842103
2.0,4173,10103.271677
5.0,5252,10115.174985
7.0,4205,10124.644482
-2.0,5284,10136.907429
5.0,3987,10145.753278
7.0,4886,10157.048306
-1.0,4116,10166.382105
3.0,3940,10175.400893
8.0,4108,10184.714234
2.0,3948,10193.493131
8.0,4558,10203.959215
12.0,4284,10213.924781
5.0,3829,10222.564111
5.0,3961,10231.71192
1.0,4410,10241.950897
7.0,4368,10251.787695
11.0,4230,10261.363285
7.0,5014,10272.762746
5.0,3760,10281.22625
-1.0,5144,10292.866743
10.0,4065,10302.189418
5.0,4571,10312.581906
13.0,3433,10320.483276
8.0,4267,10330.026538
11.0,3890,10339.009414
3.0,3781,10347.465007
5.0,3257,10355.127816
7.0,3428,10362.676171
-7.0,4292,10372.65696
11.0,4047,10381.865548
2.0,4259,10391.460245
-5.0,4280,10401.119318
8.0,4321,10411.156914
7.0,3541,10419.293402
12.0,3195,10426.512871
6.0,4742,10437.138212
7.0,3399,10444.98503
8.0,4653,10455.494804
4.0,4119,10464.832482
10.0,3707,10473.220257
6.0,3455,10481.202033
-3.0,4682,10491.827738
5.0,4641,10502.317269
7.0,4496,10512.681181
5.0,4380,10522.483781
1.0,3958,10531.523596
1.0,5736,10544.448269
13.0,3344,10552.176684
8.0,3324,10559.637135
5.0,5177,10571.690361
4.0,3742,10580.12582
5.0,5483,10592.776085
11.0,4539,10602.815715
-4.0,4919,10614.308455
13.0,2925,10621.042955
13.0,2750,10627.196228
9.0,4880,10638.486748
9.0,3103,10645.541655
10.0,4930,10656.537454
11.0,3181,10663.728785
6.0,3651,10672.293148
5.0,3667,10680.535234
4.0,4005,10689.746907
7.0,4591,10700.253301
3.0,6041,10713.743264
9.0,3431,10721.632569
3.0,4035,10730.834513
7.0,3596,10738.987753
8.0,4030,10748.240284
8.0,3663,10756.539294
3.0,4123,10765.973206
7.0,3600,10774.182107
16.0,2890,10780.901862
9.0,3887,10789.605067
8.0,5066,10801.197242
4.0,6051,10815.106763
9.0,3647,10823.376512
9.0,3972,10832.546722
3.0,4199,10842.056429
2.0,5019,10853.445925
8.0,4399,10863.269946
8.0,3565,10871.376207
2.0,5968,10885.054969
13.0,3676,10893.321559
13.0,3520,10901.366467
8.0,4070,10910.623309
13.0,3149,10917.824613
7.0,4015,10927.004844
6.0,5312,10938.967394
6.0,4031,10948.168742
5.0,4656,10958.738113
16.0,2983,10965.614476
13.0,3234,10972.872771
17.0,2660,10979.207006
9.0,3462,10986.845696
14.0,3411,10994.752068
2.0,4508,11005.093909
6.0,4943,11016.512299
13.0,3525,11024.360006
-4.0,4238,11034.254837
-3.0,4280,11043.957017
8.0,3584,11052.134685
11.0,3593,11060.382646
11.0,3712,11068.850043
2.0,4095,11078.246354
15.0,2790,11084.82341
-14.0,2056,11089.511426
14.0,3161,11096.748943
17.0,2880,11103.490874
8.0,4740,11114.218557
13.0,4043,11123.471744
-1.0,4427,11133.35976
2.0,3999,11142.543653
7.0,5062,11154.135068
7.0,4093,11163.470731
8.0,3597,11171.61638
15.0,3123,11178.645606
-10.0,2838,11185.259647
10.0,3385,11192.773458
-2.0,4465,11203.043522
3.0,5535,11215.680623
2.0,5306,11227.63054
7.0,3800,11236.460815
2.0,4898,11247.37724
16.0,2820,11253.984262
16.0,3067,11260.923601
17.0,3003,11267.513984
-1.0,5190,11279.639941
6.0,4082,11289.021601
3.0,5030,11300.239042
3.0,4971,11311.719177
8.0,4614,11322.332448
10.0,3651,11330.635621
5.0,5078,11342.222137
-8.0,3579,11350.362727
3.0,5276,11362.278372
-5.0,3524,11370.387843
6.0,3720,11379.128896
7.0,3875,11387.780449
7.0,3401,11395.579281
3.0,4349,11405.353162
10.0,2983,11412.24254
2.0,4675,11422.856087
6.0,3626,11431.090537
15.0,2926,11437.859243
-2.0,4609,11448.368526
-4.0,4591,11458.865578
12.0,3359,11466.645971
8.0,4433,11476.51818
2.0,4640,11487.077911
-2.0,6197,11501.193002
10.0,4225,11511.056987
9.0,4120,11520.460181
15.0,3199,11527.695479
7.0,4174,11537.152748
10.0,3163,11544.33308
4.0,3906,11553.386348
-2.0,4801,11564.2854
7.0,5076,11575.935773
15.0,3090,11582.960975
-3.0,4158,11592.443624
1.0,5596,11605.296943
4.0,5103,11616.995182
12.0,3232,11624.360224
3.0,4091,11633.680859
4.0,4946,11645.013875
10.0,3901,11654.048643
6.0,4046,11663.29077
8.0,3417,11670.899502
13.0,3186,11678.51137
10.0,3402,11686.07216
9.0,3491,11694.073536
9.0,3702,11702.454478
10.0,5018,11713.886258
9.0,4022,11723.066643
6.0,5023,11734.651677
11.0,3509,11742.416742
13.0,3232,11749.989019
-9.0,3391,11757.50513
5.0,3697,11766.177926
10.0,3332,11773.684502
-1.0,4369,11783.758653
7.0,4359,11793.540859
7.0,4766,11804.396652
10.0,3780,11813.220822
8.0,4422,11823.086988
8.0,5276,11835.333965
11.0,4289,11844.980231
10.0,3197,11852.191037
7.0,5100,11863.800082
5.0,3796,11872.717281
9.0,3740,11881.220514
6.0,3926,11890.37879
6.0,5311,11902.385033
3.0,4411,11912.623564
16.0,2916,11919.101839
8.0,4574,11929.590404
10.0,3745,11938.373708
6.0,4413,11948.215805
6.0,4308,11958.249737
8.0,5060,11969.862671
9.0,4557,11979.923429
9.0,3723,11988.716936
17.0,2655,11994.709592
19.0,2644,12000.704625
13.0,3177,12007.850425
9.0,3802,12016.733985
1.0,4563,12027.151888
7.0,3807,12035.724969
1.0,4208,12045.224042
9.0,3965,12054.295568
7.0,4270,12063.911525
5.0,4361,12074.067271
18.0,2909,12080.771619
15.0,3053,12087.408834
1.0,4564,12097.872102
6.0,4408,12108.062581
7.0,4343,12117.850139
13.0,3174,12125.364852
7.0,4052,12134.641196
7.0,4260,12144.271431
13.0,3553,12152.406081
5.0,4174,12161.990484
8.0,4439,12172.257185
12.0,3299,12179.689385
15.0,3070,12186.771701
10.0,4597,12197.228873
6.0,5005,12208.663355
5.0,4917,12219.703611
15.0,2896,12226.463464
13.0,3411,12234.377768
10.0,3950,12243.252411
9.0,3783,12252.129058
7.0,4615,12262.66739
8.0,3766,12271.172198
1.0,5559,12283.94787
18.0,2693,12290.034617
6.0,4115,12299.41606
4.0,4246,12309.311994
20.0,2599,12315.187145
11.0,3654,12323.56691
8.0,4142,12332.99528
11.0,3666,12341.326768
9.0,3844,12350.371165
9.0,3679,12358.709485
7.0,5368,12370.810379
12.0,3078,12377.854501
-3.0,4939,12389.197743
10.0,3485,12397.174881
10.0,4159,12406.559469
13.0,3009,12413.42737
8.0,4141,12422.77073
8.0,4225,12432.257551
6.0,4274,12441.850077
16.0,2727,12448.2848
8.0,5402,12460.408061
7.0,4760,12471.497735
20.0,2490,12476.901818
7.0,5312,12489.21953
10.0,4856,12500.191943
10.0,3175,12507.35044
15.0,2792,12513.90438
13.0,3155,12521.069505
6.0,4088,12530.40199
20.0,2517,12536.205376
10.0,3947,12545.285814
9.0,3479,12552.98833
17.0,2716,12559.376616
10.0,5070,12570.996589
16.0,3054,12577.962402
-4.0,5112,12589.62586
9.0,3686,12597.966716
10.0,4130,12607.391497
18.0,2926,12614.217916
11.0,4205,12623.709876
10.0,4645,12634.273318
9.0,3446,12642.256941
9.0,4813,12653.140647
8.0,3906,12662.167599
17.0,2968,12668.671873
9.0,3618,12676.92325
9.0,3452,12684.94386
8.0,4162,12694.467763
13.0,3025,12701.429253
10.0,4702,12712.152947
-4.0,4632,12722.767256
11.0,3872,12731.80131
17.0,2640,12737.818437
10.0,3954,12746.998557
17.0,2942,12753.83377
-1.0,5221,12765.778875
12.0,4663,12776.400385
-2.0,4600,12786.901139
20.0,2485,12792.652386
8.0,4128,12802.026241
11.0,3441,12809.666676
13.0,4292,12819.654444
7.0,4968,12831.036328
20.0,2761,12837.245435
12.0,3926,12846.287566
9.0,3451,12853.89587
7.0,4813,12865.111935
17.0,2799,12871.359909
3.0,5806,12884.76306
2.0,5090,12896.059971
2.0,4293,12906.035014
14.0,2905,12912.717199
9.0,4399,12922.540565
8.0,3583,12930.752532
14.0,2982,12937.62934
9.0,4890,12948.644839
10.0,3579,12956.780917
12.0,3616,12965.316984
13.0,4000,12974.184
12.0,5107,12985.832481
16.0,3151,12992.954428
4.0,3935,13002.061903
9.0,5367,13014.454996
10.0,3998,13023.335627
11.0,3902,13032.378196
18.0,3236,13039.693198
10.0,4553,13050.144393
12.0,4832,13061.274473
12.0,4756,13072.015968
12.0,3795,13080.546335
19.0,2628,13086.520442
12.0,4704,13097.478029
19.0,2583,13103.348608
15.0,2859,13109.703133
13.0,3552,13117.818339
8.0,4570,13128.263166
8.0,4180,13137.691566
19.0,2551,13143.480422
15.0,3116,13150.53669
7.0,3948,13159.662526
6.0,4253,13169.243338
5.0,4348,13179.297055
8.0,4347,13189.057133
15.0,2981,13195.909553
10.0,3527,13203.955053
7.0,4638,13214.43102
-4.0,4362,13224.526898
5.0,4375,13234.271746
3.0,4263,13243.87932
15.0,3164,13251.357049
17.0,2918,13257.822806
17.0,2860,13264.515203
20.0,2549,13270.341111
10.0,3743,13278.771595
7.0,4793,13289.968903
14.0,3482,13297.628107
19.0,2530,13303.41271
9.0,3961,13312.555879
17.0,2970,13319.464987
13.0,4190,13329.010547
7.0,4306,13338.741512
12.0,3506,13346.816396
3.0,4453,13357.07168
12.0,3635,13365.301761
10.0,4478,13375.586092
8.0,3980,13384.736644
12.0,3930,13393.467244
15.0,3172,13400.62418
15.0,3230,13408.174871
11.0,3294,13415.546236
7.0,3679,13423.910358
9.0,4335,13433.993309
10.0,4696,13444.612261
17.0,3150,13451.755845
15.0,2987,13458.607336
3.0,4617,13469.079383
8.0,3809,13477.637064
6.0,4604,13488.105798
6.0,5220,13500.213867
12.0,4250,13509.751333
16.0,3591,13517.886909
11.0,4150,13527.299451
17.0,2676,13533.332069
9.0,3530,13541.423556
14.0,3181,13548.661407
17.0,2778,13555.20846
13.0,4016,13564.398496
16.0,3083,13571.454392
18.0,3685,13579.794859
15.0,3910,13588.54172
-4.0,4841,13599.824931
1.0,5001,13611.337134
8.0,4171,13620.801656
6.0,4616,13631.376945
16.0,3218,13638.636914
16.0,3069,13645.642594
10.0,3683,13653.983865
14.0,3577,13662.166045
14.0,3264,13669.855629
9.0,3754,13678.305339
11.0,3748,13686.748111
8.0,3885,13695.791701
10.0,3362,13703.283842
11.0,4773,13714.409507
11.0,3910,13723.120114
7.0,4371,13733.197139
14.0,3299,13740.656125
6.0,4190,13750.188245
12.0,3460,13758.15234
12.0,3872,13767.184688
13.0,3698,13775.618878
-8.0,3687,13784.030072
1.0,5430,13796.582896
10.0,3568,13804.80202
9.0,4016,13814.100018
13.0,3356,13821.587983
20.0,2550,13827.460242
9.0,4618,13838.044123
15.0,3511,13846.093198
3.0,5296,13858.068682
14.0,3640,13866.346923
-13.0,2738,13872.816349
-7.0,3773,13881.265864
18.0,2725,13887.703303
-21.0,938,13889.576131
15.0,3341,13897.364469
12.0,3491,13905.391049
-4.0,3794,13913.905617
8.0,3910,13922.992736
4.0,3470,13930.667554
-13.0,2952,13937.441499
10.0,3424,13945.362707
9.0,3759,13953.768789
6.0,4657,13964.352734
12.0,2915,13971.125148
10.0,3687,13979.470306
3.0,5029,13990.985737
10.0,3858,13999.929041
17.0,2859,14006.251188
8.0,3981,14015.438051
5.0,4208,14024.990598
7.0,4082,14034.339919
10.0,3913,14043.320671
16.0,3328,14050.82194
10.0,4225,14060.668367
11.0,3552,14068.490456
5.0,4056,14077.779295
8.0,4296,14087.775702
13.0,3400,14095.336317
6.0,4303,14105.411412
10.0,4098,14114.879987
2.0,4654,14125.54792
9.0,4225,14135.127019
4.0,4398,14145.332906
11.0,3158,14152.493917
11.0,3900,14161.225349
11.0,3624,14169.819563
8.0,4127,14179.253469
12.0,3749,14187.707019
18.0,2891,14194.420418
4.0,4815,14205.2845
1.0,4516,14215.631692
11.0,3912,14224.295111
7.0,4270,14234.3055
9.0,4865,14245.187517
10.0,3798,14254.092316
-9.0,4043,14263.383744
7.0,3954,14272.17969
12.0,3678,14280.463776
8.0,4128,14290.196546
10.0,3628,14298.447228
15.0,3015,14305.035743
13.0,3145,14312.464446
16.0,3588,14320.65567
3.0,5651,14333.547148
-1.0,4504,14343.562987
17.0,3324,14351.342918
6.0,3981,14360.545847
13.0,3294,14367.926861
12.0,3117,14375.013898
2.0,4171,14384.505409
-2.0,4291,14394.534503
15.0,3323,14401.928249
-7.0,4226,14411.542059
7.0,3993,14420.734011
12.0,3527,14428.837056
7.0,4495,14439.237846
17.0,3466,14447.255195
2.0,4905,14458.243032
12.0,3600,14466.455124
6.0,4073,14475.832222
7.0,3825,14484.691676
14.0,3158,14491.860718
7.0,3818,14500.459666
20.0,2876,14507.17312
5.0,4518,14517.585339
14.0,3316,14524.994424
6.0,4409,14535.231002
1.0,5280,14547.190919
6.0,4320,14557.319818
-4.0,4442,14567.247279
3.0,4761,14578.376263
8.0,3752,14586.814443
10.0,3767,14595.298388
5.0,4427,14605.50813
9.0,3803,14614.021426
-5.0,4625,14624.569151
7.0,4387,14634.691373
7.0,4121,14644.077552
3.0,4165,14653.51668
-7.0,3801,14662.39368
9.0,3820,14670.898467
7.0,3888,14679.950663
4.0,4620,14690.519162
8.0,4288,14700.197727
9.0,4109,14709.496151
8.0,3903,14718.467254
2.0,4018,14727.283675
15.0,3534,14735.324151
12.0,3144,14742.467419
11.0,3515,14750.543936
13.0,3873,14759.487982
10.0,3784,14768.011904
3.0,4767,14779.166198
8.0,4039,14788.072242
10.0,4102,14797.463751
11.0,3910,14806.603928
8.0,3750,14815.053695
9.0,3722,14823.864037
15.0,3692,14832.334326
9.0,4115,14841.824995
6.0,3640,14850.110783
4.0,4739,14860.86618
16.0,3153,14868.094064
13.0,3296,14875.814572
1.0,4503,14886.206868
4.0,4455,14896.214383
6.0,4582,14906.681512
7.0,3955,14915.914182
9.0,3956,14924.972391
16.0,3368,14932.536091
3.0,3977,14941.679878
6.0,3816,14950.544254
7.0,4892,14961.439455
5.0,4860,14972.682154
10.0,3669,14981.034841
6.0,4947,14992.13269
9.0,3866,15001.108947
10.0,3749,15009.535943
12.0,3319,15017.233585
10.0,3798,15025.778727
10.0,3869,15034.787531
15.0,2916,15041.241822
17.0,2879,15047.928933
7.0,3720,15056.281605
6.0,4237,15066.186894
13.0,4265,15075.747931
13.0,3724,15084.180283
13.0,3783,15092.988185
17.0,2806,15099.244934
8.0,4245,15108.818536
2.0,4435,15119.052451
5.0,5147,15130.801981
4.0,4296,15140.464017
14.0,3607,15148.775303
14.0,3178,15156.373952
10.0,3896,15165.140621
15.0,3198,15172.315626
14.0,3516,15180.384375
15.0,3123,15187.534348
14.0,3389,15195.415622
3.0,4875,15206.709096
6.0,3967,15215.524261
10.0,3824,15224.525716
6.0,4536,15234.926345
6.0,4737,15245.632607
7.0,4267,15255.261134
6.0,4145,15264.608449
9.0,3900,15273.575004
8.0,4687,15284.255642
19.0,2730,15290.40615
8.0,3856,15299.37259
10.0,3990,15308.52134
10.0,4715,15319.189157
3.0,4610,15329.759317
11.0,3509,15337.808396
15.0,3370,15345.235066
11.0,3896,15354.30076
7.0,4067,15363.620201
7.0,4205,15373.126368
11.0,3616,15381.390981
19.0,2762,15387.913569
13.0,3862,15396.597339
13.0,3710,15404.998182
5.0,4742,15416.043328
12.0,3546,15424.146872
9.0,3864,15432.727635
16.0,3220,15440.037884
9.0,4199,15449.914591
16.0,2983,15456.469468
5.0,4371,15466.611098
5.0,4608,15477.174456
11.0,3839,15485.815933
3.0,4559,15496.30074
-2.0,5300,15508.652228
10.0,3391,15516.222031
8.0,4557,15526.650234
12.0,3719,15535.030355
11.0,3770,15543.872127
10.0,3959,15552.649718
16.0,3405,15560.503837
15.0,3587,15568.654476
10.0,3922,15577.668203
17.0,3347,15585.124372
18.0,3052,15592.061242
9.0,3829,15600.911986
-1.0,4897,15611.937332
15.0,3585,15620.04633
14.0,3682,15628.689446
13.0,3406,15636.266418
11.0,3960,15645.440714
8.0,3443,15653.340425
17.0,3146,15660.43651
15.0,3083,15667.418397
13.0,3587,15675.628102
11.0,4159,15685.058525
14.0,3594,15693.258797
12.0,3634,15701.484535
15.0,3303,15708.845994
15.0,3265,15716.56064
7.0,4498,15726.921793
9.0,3959,15735.703536
-5.0,4415,15746.066916
13.0,3316,15753.482167
14.0,3283,15761.184556
16.0,3469,15769.185211
4.0,4699,15779.837718
14.0,3077,15786.835049
3.0,4675,15797.433809
4.0,4823,15808.372721
11.0,4580,15818.846441
8.0,3665,15827.146515
15.0,2889,15833.931746
13.0,3756,15842.454049
10.0,3665,15851.084339
13.0,3645,15859.313187
3.0,4026,15868.565609
12.0,3691,15876.980338
10.0,3351,15884.433444
11.0,3713,15893.138752
10.0,3798,15901.662839
13.0,3319,15909.119519
11.0,3730,15917.873061
8.0,4060,15927.166362
4.0,4292,15936.804653
-3.0,4598,15947.358267
6.0,4048,15956.638023
-7.0,3599,15964.851055
11.0,3797,15973.348541
12.0,3475,15981.310164
7.0,4759,15992.125753
6.0,3989,16001.347611
12.0,3811,16010.223965
14.0,3811,16018.757107
6.0,4469,16029.000597
6.0,4818,16039.869906
16.0,3369,16047.696215
8.0,3864,16056.358287
7.0,4574,16066.775336
10.0,3844,16075.724423
13.0,3744,16084.213461
1.0,4814,16095.073546
10.0,3704,16103.758021
9.0,4557,16114.285424
-3.0,4864,16125.299274
7.0,4334,16135.366615
4.0,3971,16144.235146
2.0,5085,16156.026804
-4.0,4138,16165.461695
7.0,3988,16174.672998
4.0,4463,16185.009628
7.0,3631,16193.257141
2.0,4431,16203.507936
6.0,3973,16212.328217
3.0,5158,16224.15229
8.0,3781,16232.979126
7.0,4725,16243.711966
6.0,4508,16253.985619
6.0,4278,16263.561816
10.0,3785,16272.027492
2.0,4756,16283.07203
10.0,3202,16290.288228
4.0,4662,16300.934709
9.0,3765,16309.372627
10.0,4250,16319.282807
11.0,3786,16327.782257
11.0,4059,16337.067793
10.0,4461,16347.380455
7.0,4605,16357.980519
10.0,3787,16366.52336
11.0,3633,16374.834078
8.0,4176,16384.405069
12.0,3612,16392.654813
19.0,3124,16400.123767
8.0,4218,16409.735468
12.0,4222,16419.376004
9.0,4069,16428.649084
9.0,3763,16437.133459
11.0,4251,16447.054219
12.0,3857,16455.646722
11.0,3428,16463.553375
11.0,3810,16472.026635
3.0,5170,16483.743637
10.0,3581,16491.910557
11.0,3935,16500.915855
11.0,3933,16509.993655
-1.0,5770,16522.9784
12.0,4396,16533.1202
11.0,4572,16543.605022
10.0,3982,16552.39354
11.0,3618,16560.604378
9.0,4144,16570.081406
10.0,4071,16579.396576
18.0,3139,16586.855587
6.0,4363,16596.802467
7.0,4022,16606.08774
14.0,3656,16614.393672
15.0,3599,16622.662415
11.0,3522,16630.697808
14.0,3573,16638.807054
10.0,3998,16647.985714
12.0,3956,16656.744146
11.0,3604,16664.895666
14.0,3448,16672.867373
15.0,3111,16679.983919
5.0,4593,16690.472887
15.0,3276,16698.165984
7.0,4154,16707.579611
15.0,3539,16715.713275
13.0,3523,16723.766556
17.0,3318,16731.183696
12.0,3414,16739.066903
19.0,3189,16746.252881
8.0,3892,16754.966264
17.0,3291,16762.614571
9.0,4069,16771.904468
21.0,2823,16778.145352
16.0,3435,16786.086392
7.0,4291,16795.812857
13.0,3178,16803.37041
14.0,3251,16810.684531
12.0,3331,16818.075086
17.0,3404,16826.065663
-21.0,1400,16829.346856
13.0,3936,16838.578664
12.0,3810,16847.146363
13.0,4003,16856.32131
11.0,4104,16865.667518
14.0,3985,16874.828552
18.0,3385,16882.378866
16.0,3273,16890.052293
5.0,4509,16900.043225
9.0,4389,16910.117326
14.0,3923,16919.183577
17.0,2857,16925.511889
11.0,4154,16934.906095
19.0,2894,16941.611857
14.0,3469,16949.585028
15.0,3636,16957.809561
17.0,3271,16965.16398
16.0,3027,16972.152959
12.0,3589,16980.342024
15.0,3870,16989.298758
9.0,4116,16998.694004
16.0,3089,17005.761622
6.0,4321,17015.571244
15.0,3053,17022.499161
5.0,5009,17033.970202
11.0,3606,17042.176737
12.0,4040,17051.377843
13.0,3573,17059.485641
17.0,2881,17065.88153
12.0,3287,17073.510663
13.0,3220,17080.727354
6.0,4817,17091.831174
11.0,3638,17100.067054
12.0,3759,17108.509093
12.0,3778,17117.014083
14.0,3261,17124.657794
10.0,4020,17133.896843
19.0,2952,17140.349135
8.0,4216,17150.216859
12.0,3740,17158.640606
6.0,3608,17166.840443
-5.0,4441,17177.013976
10.0,4185,17186.546758
14.0,3233,17193.844387
10.0,3766,17202.351394
12.0,3745,17211.111073
3.0,4282,17220.763494
-2.0,5256,17232.565085
12.0,3606,17240.738005
6.0,5205,17252.836707
7.0,3955,17261.618278
8.0,4143,17271.013286
16.0,3242,17278.613879
1.0,5134,17290.344431
11.0,3757,17298.774495
15.0,3398,17306.61416
13.0,3860,17315.247373
10.0,3857,17324.154527
9.0,4198,17333.67853
17.0,2837,17340.004628
18.0,2923,17346.7725
7.0,4656,17357.330835
8.0,4371,17367.449402
8.0,3662,17375.752381
16.0,3423,17383.65509
8.0,4480,17393.62065
12.0,3890,17402.604664
6.0,5274,17414.513483
11.0,3743,17423.219348
10.0,4596,17433.648184
13.0,3349,17441.154034
10.0,4198,17450.607508
10.0,4268,17460.480834
9.0,3976,17469.241753
16.0,2730,17475.691781
16.0,2868,17482.045973
12.0,3944,17491.091773
11.0,4145,17500.536479
9.0,4132,17509.95133
10.0,3918,17519.008057
8.0,4454,17528.876322
13.0,4021,17538.084315
9.0,3869,17547.117428
4.0,4563,17557.629943
7.0,3801,17566.145031
9.0,3851,17575.009542
13.0,3645,17583.282029
18.0,3098,17590.337544
11.0,3497,17598.349727
15.0,2924,17604.794074
9.0,4301,17614.831141
5.0,4109,17624.134845
13.0,3137,17631.224395
15.0,3113,17638.258691
11.0,3711,17646.612396
12.0,3678,17654.98572
16.0,3060,17661.995171
14.0,3362,17669.863908
13.0,3702,17678.23939
16.0,3188,17685.45607
2.0,3648,17694.069837
1.0,5464,17706.334054
14.0,3524,17714.412535
19.0,2922,17721.177325
18.0,3052,17728.116877
11.0,3823,17736.75219
-3.0,4623,17747.263621
11.0,3923,17756.31787
16.0,3071,17763.375291
15.0,3523,17771.445212
12.0,3808,17779.996771
14.0,3995,17789.17119
9.0,4387,17799.434762
20.0,2814,17805.733485
20.0,2759,17811.951622
11.0,4047,17821.247569
12.0,4776,17832.312546
19.0,2857,17838.690138
14.0,3881,17847.712249
12.0,4043,17857.042539
9.0,3883,17865.699893
16.0,3744,17874.457539
13.0,3531,17882.562884
13.0,3940,17891.343454
2.0,5187,17903.153717
14.0,3454,17911.091321
11.0,3618,17919.410236
12.0,3734,17927.815415
14.0,2972,17934.596814
6.0,4382,17944.716706
13.0,3644,17952.988531
15.0,3483,17961.003843
17.0,3222,17968.289375
7.0,4097,17977.589309
15.0,3333,17984.998766
17.0,2981,17991.895621
8.0,3926,18000.948006
17.0,3002,18007.821142
12.0,3432,18015.707181
10.0,4140,18025.077693
8.0,3819,18033.639018
12.0,3599,18041.847859
6.0,4597,18052.343142
10.0,4006,18061.501084
9.0,3597,18069.688358
14.0,3496,18077.712185
2.0,5022,18089.256057
9.0,4123,18098.626718
10.0,4348,18108.355384
13.0,3535,18116.447293
8.0,5210,18128.227117
10.0,4106,18137.552892
9.0,4287,18147.532231
15.0,3393,18155.084033
8.0,4601,18165.559969
8.0,4484,18175.871237
18.0,2829,18182.119951
-4.0,5071,18193.692235
4.0,5397,18206.181912
4.0,4392,18215.98474
6.0,3699,18224.657894
15.0,3216,18231.845232
10.0,4466,18242.150624
10.0,3724,18250.569877
6.0,5656,18263.412851
8.0,4336,18273.10838
16.0,2804,18279.716662
3.0,4797,18290.545906
-1.0,4846,18301.725589
9.0,4644,18312.289154
14.0,3825,18320.879584
18.0,2767,18327.409591
16.0,3128,18334.572137
17.0,2998,18341.499544
9.0,3422,18349.075768
15.0,3046,18356.077389
5.0,4412,18366.206923
1.0,4208,18375.7366
10.0,4454,18385.966896
9.0,4183,18395.533931
10.0,4136,18404.920142
12.0,4228,18414.478057
9.0,4221,18424.020743
12.0,4205,18433.819596
15.0,2876,18440.171531
10.0,3590,18448.478334
13.0,3517,18456.558322
2.0,4471,18466.859983
6.0,5072,18478.47832
12.0,4189,18488.030087
14.0,3483,18496.075024
14.0,4109,18505.46664
8.0,4206,18515.001432
12.0,4048,18524.242759
6.0,4433,18534.480686
-18.0,2304,18539.567962
9.0,4321,18549.620589
4.0,5107,18560.887847
7.0,4480,18571.197994
18.0,2953,18578.046242
13.0,3479,18586.019592
16.0,2981,18592.851616
16.0,3245,18600.164554
13.0,4229,18609.734744
10.0,4158,18619.119254
7.0,3702,18627.774751
-20.0,1015,18630.076455
5.0,3438,18637.723088
14.0,3147,18644.831548
-21.0,938,18647.026291
8.0,3368,18654.834185
9.0,3685,18663.087268
12.0,3799,18671.583776
-20.0,1019,18673.908117
10.0,3323,18681.68849
1.0,5328,18693.654739
13.0,3648,18701.891628
11.0,4683,18712.79655
12.0,3661,18721.098549
-15.0,2255,18726.138674
12.0,3638,18734.402634
-1.0,4466,18744.72138
9.0,4890,18755.724682
-1.0,5394,18768.108138
10.0,4496,18778.4732
6.0,4962,18789.551662
8.0,4173,18799.292841
7.0,4489,18809.357833
-15.0,1977,18813.921432
12.0,3880,18822.884163
18.0,2835,18829.165655
15.0,3332,18836.879312
2.0,5458,18849.040842
8.0,4982,18860.411239
11.0,4893,18871.680411
15.0,3724,18880.207582
-12.0,2609,18886.086021
12.0,4195,18895.562645
12.0,3503,18903.573927
16.0,3422,18911.449403
-12.0,2835,18917.769008
-21.0,849,18919.797502
5.0,4218,18929.352379
9.0,4006,18938.534713
6.0,4514,18948.980429
16.0,3401,18956.836647
11.0,4027,18965.747993
11.0,3808,18974.609987
10.0,4493,18985.02043
15.0,3043,18991.960741
14.0,3651,19000.292591
10.0,4400,19010.208664
6.0,4993,19021.785627
12.0,4472,19032.112231
10.0,4075,19041.414194
10.0,3959,19050.201372
10.0,4758,19061.230869
10.0,3920,19069.992812
16.0,3194,19077.569688
10.0,3927,19086.246669
14.0,3311,19094.017383
16.0,3621,19102.218754
14.0,3429,19109.728521
9.0,4456,19120.011232
12.0,4148,19129.474874
13.0,4464,19139.69862
11.0,3771,19148.132117
15.0,3805,19156.995536
18.0,3167,19164.15748
10.0,3939,19173.205003
12.0,3744,19181.635723
12.0,4101,19190.921035
8.0,4519,19201.290616
14.0,3472,19209.220196
11.0,4036,19218.063582
9.0,4014,19227.267521
10.0,4069,19236.566293
16.0,3445,19244.57988
8.0,4422,19254.777963
5.0,4970,19265.887823
8.0,3801,19274.702839
12.0,4117,19284.057004
8.0,4575,19294.543083
16.0,3416,19302.101338
13.0,3097,19309.183322
13.0,3835,19318.094928
14.0,3478,19326.112308
10.0,4019,19334.996938
18.0,2871,19341.67476
15.0,3195,19348.922001
16.0,3185,19356.465694
9.0,4167,19365.897732
14.0,3467,19373.55052
19.0,2767,19380.059849
16.0,3458,19388.015731
14.0,3434,19395.581686
20.0,2622,19401.521644
20.0,2948,19408.285283
7.0,4077,19417.554825
14.0,3541,19425.613963
17.0,2690,19431.64917
18.0,2995,19438.540494
-3.0,4676,19449.184396
10.0,3972,19458.218044
10.0,4657,19468.782374
8.0,4898,19480.184992
13.0,3179,19487.353263
12.0,3802,19495.929956
4.0,4816,19507.133786
17.0,2886,19513.562384
16.0,3663,19521.854796
15.0,3053,19528.818397
17.0,3201,19536.335895
9.0,4320,19546.029506
10.0,4423,19556.220069
18.0,2880,19562.617907
7.0,4428,19572.769142
9.0,4250,19582.398398
11.0,4048,19591.702711
17.0,3164,19598.891886
4.0,4878,19610.225121
2.0,4790,19621.074407
13.0,3338,19628.856021
17.0,2785,19635.077239
16.0,3390,19642.93528
5.0,4228,19652.510705
19.0,3011,19659.482585
7.0,4370,19669.596282
3.0,3614,19677.799801
7.0,4987,19688.868695
11.0,3830,19697.699897
14.0,3840,19706.219661
11.0,3941,19715.357431
10.0,4379,19725.446956
8.0,3995,19734.315277
16.0,3161,19741.453518
15.0,3020,19748.356884
13.0,3250,19755.916629
19.0,2888,19762.246272
19.0,2778,19768.735677
5.0,4847,19779.509998
10.0,3748,19788.216426
15.0,3513,19795.981452
9.0,4158,19805.700818
13.0,3942,19814.449471
12.0,4348,19824.532858
12.0,4644,19835.063018
17.0,2902,19841.467894
18.0,3227,19849.002965
7.0,3669,19857.23869
7.0,4639,19867.748269
11.0,3499,19875.76985
15.0,3358,19883.20788
18.0,2725,19889.620274
13.0,4009,19898.859092
13.0,2937,19905.328301
-2.0,4038,19914.534415
5.0,4540,19924.845006
-7.0,3930,19933.85836
2.0,4797,19944.607308
1.0,4441,19954.855037
18.0,2595,19960.732654
9.0,3915,19969.395442
9.0,3309,19977.064406
14.0,3873,19985.625119
13.0,3245,19993.262641
-21.0,763,19994.840203
13.0,4328,20004.912953
12.0,4274,20014.538094
11.0,4010,20023.710054
-17.0,1553,20027.240895
-7.0,4439,20037.496072
17.0,2672,20043.473315
16.0,2730,20049.63256
-21.0,759,20051.553888
-21.0,762,20053.181216
13.0,3481,20061.143543
15.0,3162,20068.356996
13.0,3119,20075.458198
16.0,2781,20081.97278
3.0,4583,20092.042791
-21.0,762,20093.95773
-8.0,4114,20103.31377
4.0,4938,20114.679293
-2.0,4575,20125.105867
-21.0,760,20126.696702
13.0,3928,20135.734986
14.0,3863,20144.362944
12.0,3998,20153.495765
10.0,3165,20160.61933
16.0,3131,20167.694249
3.0,4336,20177.7
12.0,4145,20187.107268
10.0,5725,20200.183914
11.0,4232,20209.810141
9.0,3936,20218.981772
18.0,2943,20225.850276
11.0,4520,20236.310618
-21.0,758,20237.890428
14.0,3814,20246.826524
14.0,3154,20254.015381
6.0,3828,20262.605843
11.0,3624,20270.882844
9.0,4388,20281.060923
-21.0,791,20282.702744
15.0,3403,20290.619647
19.0,2731,20296.779833
16.0,2964,20303.674685
4.0,5286,20315.720815
5.0,4587,20326.171354
-14.0,1785,20330.418719
10.0,4043,20339.679696
17.0,2901,20346.045253
-21.0,759,20347.942014
5.0,4652,20358.528038
11.0,4399,20368.624352
14.0,3331,20376.048423
9.0,2928,20382.805695
6.0,4877,20393.720079
15.0,5006,20405.185493
14.0,4177,20414.64234
18.0,2706,20421.035651
12.0,4237,20430.569581
13.0,4522,20440.942983
12.0,3283,20448.278914
20.0,2461,20453.976394
11.0,4555,20464.36311
9.0,4918,20475.31743
11.0,4609,20485.736099
12.0,3807,20494.561259
12.0,3795,20503.06759
18.0,2593,20508.954311
11.0,4513,20519.245879
18.0,2623,20525.143215
-21.0,760,20527.057084
19.0,2508,20532.837299
11.0,4385,20542.675294
3.0,4990,20554.116913
13.0,3032,20561.059228
11.0,4361,20570.762295
-21.0,759,20572.646596
10.0,3995,20581.744323
15.0,3032,20588.320536
8.0,4373,20598.382553
13.0,3709,20606.763185
4.0,5090,20618.431881
18.0,2654,20624.463036
8.0,4483,20634.904117
17.0,2781,20641.47168
13.0,3679,20649.84223
8.0,4053,20659.080755
14.0,3224,20666.368696
8.0,4393,20676.320481
17.0,2682,20682.709802
17.0,2876,20689.106412
-3.0,4826,20700.457767
-21.0,762,20702.04372
10.0,4249,20712.073234
-21.0,762,20713.648439
-21.0,758,20715.235315
-21.0,759,20717.175359
5.0,4171,20726.739628
18.0,2906,20733.523958
12.0,4338,20743.272999
11.0,3979,20752.555165
8.0,4347,20762.750423
19.0,2732,20768.933371
10.0,3814,20777.675106
11.0,4253,20787.639079
7.0,4433,20797.613127
13.0,3507,20805.736231
12.0,4247,20815.241687
17.0,2774,20821.77465
15.0,3287,20829.143322
17.0,3152,20836.244521
-21.0,762,20838.188499
-4.0,5904,20851.485059
-21.0,760,20853.408681
-21.0,762,20855.005651
12.0,3573,20863.123897
7.0,4012,20872.287477
4.0,4387,20882.442868
8.0,4156,20891.866695
4.0,4887,20902.812083
13.0,3984,20911.987588
12.0,3975,20921.103719
15.0,3261,20928.416555
16.0,3462,20936.382503
8.0,4782,20947.105947
18.0,2860,20953.796515
10.0,4259,20963.404619
-21.0,763,20965.350773
12.0,4192,20974.906688
14.0,3533,20983.02168
12.0,3914,20991.718311
14.0,3418,20999.689382
8.0,3925,21008.755841
11.0,3671,21017.203195
19.0,2937,21024.073821
18.0,3148,21031.194253
16.0,3115,21038.217601
11.0,4523,21048.544112
11.0,4419,21058.435165
12.0,3292,21066.089105
15.0,3586,21074.236931
-21.0,759,21075.846827
12.0,3699,21084.160737
14.0,3874,21093.280472
8.0,3777,21101.78856
14.0,3634,21110.509904
12.0,3575,21118.61228
-21.0,759,21120.222925
-21.0,759,21121.8012
16.0,3140,21129.248051
7.0,4330,21138.986635
-21.0,760,21140.924445
17.0,3323,21148.343101
15.0,3402,21156.280039
11.0,4594,21166.738138
-21.0,762,21168.330098
15.0,3569,21176.481878
12.0,4133,21185.839886
14.0,4067,21195.237734
12.0,3592,21203.392508
12.0,3890,21212.370857
17.0,3002,21219.250526
17.0,3384,21226.725529
12.0,4050,21236.030716
7.0,4204,21245.520743
19.0,2841,21252.164218
9.0,5408,21264.346221
14.0,3496,21272.417461
10.0,3726,21280.937955
9.0,4087,21290.254311
5.0,4198,21300.097653
13.0,3752,21308.570809
8.0,3873,21317.561128
13.0,3826,21326.119646
10.0,4028,21335.426025
2.0,4658,21346.057462
6.0,5289,21358.130624
11.0,4182,21367.629442
7.0,4149,21377.415542
7.0,3709,21385.76843
7.0,4884,21396.752209
17.0,3192,21404.239063
14.0,3425,21411.801532
6.0,4378,21421.979858
9.0,4403,21431.807162
10.0,4082,21441.055196
14.0,3538,21449.143707
15.0,3409,21457.05816
11.0,3962,21466.194373
3.0,4825,21477.10497
19.0,3015,21483.999052
19.0,3175,21491.128515
3.0,4763,21501.882684
12.0,3424,21509.925109
12.0,3392,21517.868752
7.0,4506,21528.384229
4.0,4386,21538.424244
17.0,3112,21545.665852
-10.0,4072,21555.097373
8.0,4193,21564.678925
14.0,3619,21573.11287
8.0,4888,21584.593358
15.0,3826,21593.204
10.0,4059,21602.481921
17.0,3120,21609.631542
8.0,4535,21620.124604
17.0,3520,21628.119406
16.0,3034,21635.199213
12.0,3901,21644.244222
7.0,4228,21653.814702
11.0,4057,21663.193259
13.0,3734,21671.599059
19.0,3143,21678.736519
17.0,3853,21687.862617
18.0,3054,21694.814262
9.0,4358,21704.785106
16.0,3113,21711.940212
6.0,4807,21723.161379
20.0,2946,21729.707018
16.0,3747,21738.630525
2.0,5313,21750.768991
20.0,2810,21757.428505
10.0,3681,21765.839199
15.0,3248,21773.175723
6.0,4382,21783.293918
15.0,3271,21790.740661
18.0,3124,21797.836778
7.0,4347,21808.08569
17.0,3333,21815.545745
17.0,3350,21823.390363
16.0,3243,21830.746191
16.0,3854,21839.628921
8.0,3913,21848.475101
17.0,3369,21856.358321
7.0,4355,21866.130842
19.0,3016,21873.141393
20.0,2814,21879.721491
14.0,4170,21889.324694
11.0,3772,21897.7552
15.0,3607,21906.071169
12.0,3427,21914.010188
19.0,2880,21920.751225
17.0,3192,21927.930525
15.0,3265,21935.325243
16.0,3831,21944.270341
17.0,3347,21951.732068
15.0,3658,21960.09647
14.0,4010,21969.283741
17.0,3220,21976.542645
18.0,2922,21983.412128
18.0,2971,21990.247533
19.0,2934,21997.147553
12.0,3665,22005.444817
18.0,2935,22012.32221
17.0,3052,22018.92937
16.0,3619,22027.561189
17.0,3465,22035.187595
19.0,3182,22042.837742
13.0,3180,22049.985989
19.0,2960,22056.659545
16.0,2916,22063.371162
13.0,4336,22073.560649
8.0,3970,22082.401595
14.0,3979,22091.590043
14.0,3129,22098.791319
18.0,3247,22106.387548
14.0,3068,22113.394039
11.0,3637,22121.751446
8.0,4272,22131.433077
19.0,2706,22137.578274
16.0,3259,22145.244727
16.0,3398,22152.933516
19.0,3056,22160.044688
-2.0,4584,22170.588719
19.0,3054,22177.672776
13.0,3748,22186.398805
19.0,3161,22193.70384
17.0,3654,22202.04238
19.0,3091,22209.721828
17.0,3126,22217.079167
15.0,3526,22226.087229
15.0,3502,22234.63061
10.0,3907,22244.642465
17.0,3046,22251.879369
16.0,3528,22261.150613
21.0,2812,22268.622056
20.0,2717,22275.843497
15.0,3322,22284.330506
14.0,3598,22292.944163
16.0,3119,22301.23444
17.0,3449,22309.937273
16.0,2892,22317.789553
15.0,3739,22327.522013
12.0,3676,22335.551604
13.0,4115,22346.061296
9.0,4492,22357.352681
7.0,3823,22367.48408
14.0,4207,22378.527426
19.0,2890,22385.271669
9.0,3754,22394.403336
13.0,3552,22403.233353
14.0,3554,22411.498822
20.0,2811,22418.746953
17.0,3330,22427.472414
14.0,3848,22437.734219
19.0,2971,22445.629538
17.0,3373,22454.555789
15.0,3555,22463.404149
12.0,3781,22473.402491
20.0,2812,22480.673759
7.0,4376,22492.386551
19.0,2948,22500.189163
19.0,3012,22508.142171
16.0,2912,22515.566652
13.0,3597,22524.767953
19.0,2907,22532.297222
17.0,3125,22540.480027
15.0,3492,22549.781837
20.0,3057,22557.760405
7.0,4457,22569.598942
10.0,4100,22580.218947
17.0,3262,22588.450678
4.0,4782,22600.95951
10.0,4067,22611.690646
12.0,3659,22621.237161
15.0,3398,22630.303679
11.0,3887,22640.574934
18.0,2918,22647.847184
11.0,3825,22657.946598
13.0,3844,22667.758228
18.0,2886,22675.551804
9.0,4382,22686.883837
13.0,3768,22696.896402
8.0,4214,22707.642757
18.0,2837,22714.927373
13.0,4579,22727.004591
19.0,3150,22735.524541
20.0,2501,22741.78645
18.0,2870,22749.438028
18.0,3148,22757.625258
14.0,4258,22768.845898
18.0,2752,22775.891202
9.0,4017,22786.537464
13.0,4553,22798.537008
16.0,3170,22806.734515
16.0,3770,22816.39576
11.0,4222,22827.196482
20.0,2494,22833.752033
18.0,3003,22841.790215
8.0,5386,22856.065316
19.0,2655,22862.949626
18.0,2838,22870.166608
11.0,3583,22879.522436
13.0,4040,22889.969085
12.0,4044,22900.594964
17.0,3048,22908.633234
17.0,3016,22916.621241
19.0,2790,22923.794349
16.0,3149,22932.364392
19.0,2594,22939.125371
10.0,4064,22949.574
16.0,2808,22956.671789
18.0,3107,22964.778467
10.0,3392,22973.675014
16.0,3242,22981.960534
15.0,2930,22989.695446
8.0,3819,22999.490111
20.0,2491,23005.933241
11.0,4169,23016.615469
11.0,4105,23027.348091
17.0,3063,23035.342387
13.0,3938,23045.606234
19.0,2652,23052.474025
8.0,4630,23064.330777
11.0,4316,23075.6666
13.0,4310,23086.912292
13.0,4105,23097.696975
11.0,3489,23106.938474
14.0,3527,23116.225861
18.0,3408,23124.884951
8.0,4208,23136.127042
6.0,4522,23147.71799
17.0,3213,23156.508217
9.0,4001,23166.751939
17.0,3495,23175.967306
8.0,5205,23189.365798
18.0,2772,23196.77589
10.0,3581,23206.069736
14.0,3413,23215.09242
3.0,5098,23228.043676
-2.0,5909,23243.704982
11.0,3955,23253.987354
10.0,3843,23263.776896
15.0,3475,23272.953983
10.0,4325,23284.058461
7.0,4122,23294.818556
11.0,3573,23304.217072
10.0,3977,23314.710756
9.0,4171,23325.71145
11.0,4058,23336.5787
11.0,3601,23346.044652
10.0,4017,23356.629572
18.0,3113,23364.690761
15.0,3333,23373.528366
18.0,3260,23381.953171
17.0,2944,23389.835225
11.0,4355,23401.199291
12.0,4037,23411.849983
14.0,3316,23420.579266
13.0,3673,23429.997921
15.0,3447,23439.183378
15.0,2989,23446.795504
15.0,3135,23455.462434
17.0,2946,23462.950992
7.0,4836,23475.848326
11.0,4452,23487.089256
14.0,3889,23497.469222
15.0,3404,23506.613785
12.0,3676,23516.205984
12.0,4042,23526.975528
10.0,4399,23538.304433
14.0,3391,23547.18187
14.0,3002,23555.134886
16.0,3091,23563.299685
13.0,4166,23574.015066
15.0,3247,23582.22067
17.0,3275,23591.142087
10.0,4383,23601.893824
19.0,2894,23609.354998
13.0,3781,23619.049705
11.0,3579,23628.23256
10.0,4256,23639.517104
12.0,3982,23649.392565
19.0,2659,23656.615617
13.0,3327,23664.999087
15.0,3091,23672.931378
13.0,4250,23683.919131
14.0,3413,23692.905129
20.0,2548,23699.510796
16.0,3131,23707.628196
16.0,3642,23717.077899
12.0,4169,23727.726172
16.0,2870,23735.334725
18.0,3089,23743.445636
12.0,4045,23754.147464
13.0,4122,23764.94177
15.0,3970,23775.440788
19.0,2931,23782.754102
13.0,4126,23793.422592
6.0,4598,23805.645433
8.0,4170,23816.834563
16.0,3496,23825.841571
17.0,3294,23834.654696
10.0,4451,23846.275625
18.0,2842,23853.426835
11.0,4229,23864.492329
12.0,3845,23874.75961
16.0,3310,23883.414244
15.0,3781,23893.617922
15.0,3261,23901.945322
12.0,4421,23913.486516
9.0,4145,23924.367231
13.0,3574,23933.728749
11.0,3903,23943.837033
14.0,4192,23954.000551
16.0,3043,23960.65045
18.0,2605,23967.17581
14.0,3740,23975.959306
18.0,2617,23982.107376
19.0,4598,23992.821634
17.0,3100,24000.117163
17.0,2903,24006.951654
18.0,2617,24013.039527
11.0,4923,24024.279676
16.0,3085,24031.504872
16.0,3848,24040.779792
6.0,4867,24052.025033
19.0,2693,24058.577588
14.0,3979,24067.477321
20.0,2758,24074.154075
9.0,4569,24084.844278
12.0,4196,24094.614024
16.0,2692,24100.836762
13.0,4421,24111.332074
14.0,3641,24119.914899
15.0,3084,24127.173284
17.0,3396,24135.227222
6.0,5611,24148.28459
11.0,4300,24158.448215
11.0,3735,24167.014483
10.0,3754,24176.069685
11.0,4172,24185.836459
11.0,4483,24196.063464
16.0,3056,24203.138508
9.0,4815,24214.723171
12.0,3602,24223.206473
12.0,4287,24233.079434
19.0,2589,24239.126081
14.0,3459,24248.258756
14.0,3208,24256.613329
16.0,3355,24265.585805
14.0,3271,24274.052705
15.0,3634,24283.685396
7.0,4212,24295.120524
8.0,4791,24307.671518
16.0,3518,24316.978881
14.0,3377,24325.494897
12.0,3364,24334.370968
16.0,3086,24342.439288
14.0,3706,24352.018724
5.0,4325,24363.406793
6.0,4908,24376.111187
20.0,2519,24382.637569
13.0,4016,24393.004439
16.0,3067,24401.015241
12.0,3823,24410.83951
16.0,3168,24419.365592
16.0,3343,24427.779059
16.0,2955,24435.354882
11.0,5147,24448.41198
18.0,2921,24455.944141
14.0,3347,24464.452677
14.0,3682,24473.975654
15.0,4088,24484.662438
16.0,3620,24494.073694
17.0,3330,24502.80434
16.0,3709,24512.213045
18.0,2622,24518.980249
18.0,3200,24527.400478
13.0,4252,24538.444741
17.0,3059,24546.361061
3.0,4427,24557.63874
16.0,3380,24566.452667
14.0,3305,24574.723223
16.0,3359,24583.541858
17.0,2877,24591.196984
16.0,3156,24599.327276
11.0,4159,24610.093894
14.0,3471,24619.136485
12.0,4020,24629.489466
13.0,4097,24640.172521
16.0,3906,24650.101343
17.0,2780,24657.574843
2.0,5312,24671.219797
11.0,3960,24681.482463
18.0,3239,24689.619191
17.0,2859,24697.238928
14.0,3803,24706.915297
13.0,4321,24717.946025
18.0,2833,24725.491197
16.0,3016,24733.345239
11.0,4438,24744.850337
16.0,2942,24752.087962
-20.0,965,24754.654256
16.0,3273,24763.350029
9.0,4030,24773.366187
18.0,2891,24780.960339
20.0,2533,24787.512263
11.0,4055,24797.975253
13.0,3387,24806.855421
18.0,2738,24813.73466
13.0,3188,24822.000715
7.0,3755,24831.642751
15.0,3857,24841.931195
14.0,3199,24850.266938
14.0,3225,24858.588635
17.0,2867,24866.125663
16.0,2952,24873.910202
18.0,2745,24881.037383
4.0,3661,24890.6136
12.0,3095,24898.697681
10.0,4312,24910.273997
20.0,2455,24916.745428
16.0,2705,24923.606451
16.0,2688,24930.450916
20.0,2523,24937.166064
16.0,3759,24946.971482
20.0,2533,24953.717048
15.0,3338,24962.583283
18.0,2692,24969.545869
14.0,3635,24978.982207
17.0,2915,24986.522959
15.0,3351,24994.965578
14.0,4258,25006.43452
18.0,2771,25013.574731
8.0,3750,25023.323526
15.0,3912,25033.783942
8.0,3352,25042.663269
15.0,3025,25050.4794
14.0,3121,25058.607326
15.0,2705,25065.49838
18.0,3029,25073.403024
8.0,3331,25081.960377
15.0,3025,25089.865637
13.0,3678,25099.340311
7.0,3593,25108.450253
18.0,2874,25115.984626
12.0,3675,25125.45965
13.0,3539,25134.724671
12.0,3675,25144.262344
12.0,3688,25153.77354
12.0,3562,25162.972785
18.0,3387,25171.732007
8.0,3786,25181.502589
